observed_date,index,symbol,source
2026-09-27,SP400,AA,wikipedia
2026-09-27,SP400,AAL,wikipedia
2026-09-27,SP400,AAON,wikipedia
2026-09-27,SP400,ACI,wikipedia
2026-09-27,SP400,ACM,wikipedia
2026-09-27,SP400,ADC,wikipedia
2026-09-27,SP400,AEIS,wikipedia
2026-09-27,SP400,AFG,wikipedia
2026-09-27,SP400,AGCO,wikipedia
2026-09-27,SP400,AGNC,wikipedia
2026-09-27,SP400,AHR,wikipedia
2026-09-27,SP400,AIT,wikipedia
2026-09-27,SP400,ALGM,wikipedia
2026-09-27,SP400,ALK,wikipedia
2026-09-27,SP400,ALLY,wikipedia
2026-09-27,SP400,ALSN,wikipedia
2026-09-27,SP400,ALV,wikipedia
2026-09-27,SP400,AM,wikipedia
2026-09-27,SP400,AMG,wikipedia
2026-09-27,SP400,AMH,wikipedia
2026-09-27,SP400,AMKR,wikipedia
2026-09-27,SP400,AN,wikipedia
2026-09-27,SP400,ANF,wikipedia
2026-09-27,SP400,APG,wikipedia
2026-09-27,SP400,APPF,wikipedia
2026-09-27,SP400,AR,wikipedia
2026-09-27,SP400,ARMK,wikipedia
2026-09-27,SP400,ARW,wikipedia
2026-09-27,SP400,ARWR,wikipedia
2026-09-27,SP400,ASB,wikipedia
2026-09-27,SP400,ASH,wikipedia
2026-09-27,SP400,ATI,wikipedia
2026-09-27,SP400,ATR,wikipedia
2026-09-27,SP400,AVAV,wikipedia
2026-09-27,SP400,AVNT,wikipedia
2026-09-27,SP400,AVT,wikipedia
2026-09-27,SP400,AVTR,wikipedia
2026-09-27,SP400,AXTA,wikipedia
2026-09-27,SP400,AYI,wikipedia
2026-09-27,SP400,BAH,wikipedia
2026-09-27,SP400,BBWI,wikipedia
2026-09-27,SP400,BC,wikipedia
2026-09-27,SP400,BCO,wikipedia
2026-09-27,SP400,BDC,wikipedia
2026-09-27,SP400,BHF,wikipedia
2026-09-27,SP400,BILL,wikipedia
2026-09-27,SP400,BIO,wikipedia
2026-09-27,SP400,BJ,wikipedia
2026-09-27,SP400,BKH,wikipedia
2026-09-27,SP400,BMRN,wikipedia
2026-09-27,SP400,BRKR,wikipedia
2026-09-27,SP400,BROS,wikipedia
2026-09-27,SP400,BRX,wikipedia
2026-09-27,SP400,BSY,wikipedia
2026-09-27,SP400,BTSG,wikipedia
2026-09-27,SP400,BURL,wikipedia
2026-09-27,SP400,BWA,wikipedia
2026-09-27,SP400,BWXT,wikipedia
2026-09-27,SP400,BYD,wikipedia
2026-09-27,SP400,CACI,wikipedia
2026-09-27,SP400,CAR,wikipedia
2026-09-27,SP400,CART,wikipedia
2026-09-27,SP400,CAVA,wikipedia
2026-09-27,SP400,CBSH,wikipedia
2026-09-27,SP400,CBT,wikipedia
2026-09-27,SP400,CCK,wikipedia
2026-09-27,SP400,CDE,wikipedia
2026-09-27,SP400,CDP,wikipedia
2026-09-27,SP400,CELH,wikipedia
2026-09-27,SP400,CFR,wikipedia
2026-09-27,SP400,CG,wikipedia
2026-09-27,SP400,CGNX,wikipedia
2026-09-27,SP400,CHDN,wikipedia
2026-09-27,SP400,CHE,wikipedia
2026-09-27,SP400,CHH,wikipedia
2026-09-27,SP400,CHRD,wikipedia
2026-09-27,SP400,CHWY,wikipedia
2026-09-27,SP400,CLF,wikipedia
2026-09-27,SP400,CLH,wikipedia
2026-09-27,SP400,CMC,wikipedia
2026-09-27,SP400,CNH,wikipedia
2026-09-27,SP400,CNM,wikipedia
2026-09-27,SP400,CNO,wikipedia
2026-09-27,SP400,CNX,wikipedia
2026-09-27,SP400,COKE,wikipedia
2026-09-27,SP400,COLB,wikipedia
2026-09-27,SP400,COLM,wikipedia
2026-09-27,SP400,CORT,wikipedia
2026-09-27,SP400,CR,wikipedia
2026-09-27,SP400,CRBG,wikipedia
2026-09-27,SP400,CROX,wikipedia
2026-09-27,SP400,CRS,wikipedia
2026-09-27,SP400,CRUS,wikipedia
2026-09-27,SP400,CSL,wikipedia
2026-09-27,SP400,CTRE,wikipedia
2026-09-27,SP400,CUBE,wikipedia
2026-09-27,SP400,CUZ,wikipedia
2026-09-27,SP400,CVLT,wikipedia
2026-09-27,SP400,CW,wikipedia
2026-09-27,SP400,CXT,wikipedia
2026-09-27,SP400,CYTK,wikipedia
2026-09-27,SP400,DAR,wikipedia
2026-09-27,SP400,DBX,wikipedia
2026-09-27,SP400,DCI,wikipedia
2026-09-27,SP400,DINO,wikipedia
2026-09-27,SP400,DKS,wikipedia
2026-09-27,SP400,DLB,wikipedia
2026-09-27,SP400,DOCN,wikipedia
2026-09-27,SP400,DOCS,wikipedia
2026-09-27,SP400,DOCU,wikipedia
2026-09-27,SP400,DT,wikipedia
2026-09-27,SP400,DTM,wikipedia
2026-09-27,SP400,DUOL,wikipedia
2026-09-27,SP400,DY,wikipedia
2026-09-27,SP400,EAT,wikipedia
2026-09-27,SP400,EEFT,wikipedia
2026-09-27,SP400,EGP,wikipedia
2026-09-27,SP400,EHC,wikipedia
2026-09-27,SP400,ELAN,wikipedia
2026-09-27,SP400,ELF,wikipedia
2026-09-27,SP400,ELS,wikipedia
2026-09-27,SP400,ENS,wikipedia
2026-09-27,SP400,ENSG,wikipedia
2026-09-27,SP400,ENTG,wikipedia
2026-09-27,SP400,EPR,wikipedia
2026-09-27,SP400,EQH,wikipedia
2026-09-27,SP400,ESAB,wikipedia
2026-09-27,SP400,ESNT,wikipedia
2026-09-27,SP400,EVR,wikipedia
2026-09-27,SP400,EWBC,wikipedia
2026-09-27,SP400,EXEL,wikipedia
2026-09-27,SP400,EXLS,wikipedia
2026-09-27,SP400,EXP,wikipedia
2026-09-27,SP400,EXPO,wikipedia
2026-09-27,SP400,FAF,wikipedia
2026-09-27,SP400,FBIN,wikipedia
2026-09-27,SP400,FCFS,wikipedia
2026-09-27,SP400,FCN,wikipedia
2026-09-27,SP400,FFIN,wikipedia
2026-09-27,SP400,FHI,wikipedia
2026-09-27,SP400,FHN,wikipedia
2026-09-27,SP400,FIVE,wikipedia
2026-09-27,SP400,FLG,wikipedia
2026-09-27,SP400,FLR,wikipedia
2026-09-27,SP400,FLS,wikipedia
2026-09-27,SP400,FN,wikipedia
2026-09-27,SP400,FNB,wikipedia
2026-09-27,SP400,FND,wikipedia
2026-09-27,SP400,FNF,wikipedia
2026-09-27,SP400,FOUR,wikipedia
2026-09-27,SP400,FR,wikipedia
2026-09-27,SP400,FTI,wikipedia
2026-09-27,SP400,G,wikipedia
2026-09-27,SP400,GAP,wikipedia
2026-09-27,SP400,GATX,wikipedia
2026-09-27,SP400,GBCI,wikipedia
2026-09-27,SP400,GEF,wikipedia
2026-09-27,SP400,GGG,wikipedia
2026-09-27,SP400,GHC,wikipedia
2026-09-27,SP400,GLPI,wikipedia
2026-09-27,SP400,GME,wikipedia
2026-09-27,SP400,GMED,wikipedia
2026-09-27,SP400,GNTX,wikipedia
2026-09-27,SP400,GPK,wikipedia
2026-09-27,SP400,GWRE,wikipedia
2026-09-27,SP400,GXO,wikipedia
2026-09-27,SP400,H,wikipedia
2026-09-27,SP400,HAE,wikipedia
2026-09-27,SP400,HALO,wikipedia
2026-09-27,SP400,HGV,wikipedia
2026-09-27,SP400,HIMS,wikipedia
2026-09-27,SP400,HL,wikipedia
2026-09-27,SP400,HLI,wikipedia
2026-09-27,SP400,HLNE,wikipedia
2026-09-27,SP400,HOG,wikipedia
2026-09-27,SP400,HOMB,wikipedia
2026-09-27,SP400,HQY,wikipedia
2026-09-27,SP400,HR,wikipedia
2026-09-27,SP400,HRB,wikipedia
2026-09-27,SP400,HUBS,wikipedia
2026-09-27,SP400,HWC,wikipedia
2026-09-27,SP400,HXL,wikipedia
2026-09-27,SP400,IBOC,wikipedia
2026-09-27,SP400,IDA,wikipedia
2026-09-27,SP400,IDCC,wikipedia
2026-09-27,SP400,IESC,wikipedia
2026-09-27,SP400,INGR,wikipedia
2026-09-27,SP400,IPGP,wikipedia
2026-09-27,SP400,IRT,wikipedia
2026-09-27,SP400,ITT,wikipedia
2026-09-27,SP400,JAZZ,wikipedia
2026-09-27,SP400,JEF,wikipedia
2026-09-27,SP400,JLL,wikipedia
2026-09-27,SP400,KBH,wikipedia
2026-09-27,SP400,KBR,wikipedia
2026-09-27,SP400,KD,wikipedia
2026-09-27,SP400,KEX,wikipedia
2026-09-27,SP400,KNF,wikipedia
2026-09-27,SP400,KNSL,wikipedia
2026-09-27,SP400,KNX,wikipedia
2026-09-27,SP400,KRC,wikipedia
2026-09-27,SP400,KRG,wikipedia
2026-09-27,SP400,KRYS,wikipedia
2026-09-27,SP400,KTOS,wikipedia
2026-09-27,SP400,LAD,wikipedia
2026-09-27,SP400,LAMR,wikipedia
2026-09-27,SP400,LEA,wikipedia
2026-09-27,SP400,LECO,wikipedia
2026-09-27,SP400,LFUS,wikipedia
2026-09-27,SP400,LIVN,wikipedia
2026-09-27,SP400,LNTH,wikipedia
2026-09-27,SP400,LOPE,wikipedia
2026-09-27,SP400,LPX,wikipedia
2026-09-27,SP400,LSCC,wikipedia
2026-09-27,SP400,LSTR,wikipedia
2026-09-27,SP400,M,wikipedia
2026-09-27,SP400,MANH,wikipedia
2026-09-27,SP400,MAT,wikipedia
2026-09-27,SP400,MEDP,wikipedia
2026-09-27,SP400,MIDD,wikipedia
2026-09-27,SP400,MKSI,wikipedia
2026-09-27,SP400,MLI,wikipedia
2026-09-27,SP400,MMS,wikipedia
2026-09-27,SP400,MOG-A,wikipedia
2026-09-27,SP400,MOH,wikipedia
2026-09-27,SP400,MORN,wikipedia
2026-09-27,SP400,MP,wikipedia
2026-09-27,SP400,MSA,wikipedia
2026-09-27,SP400,MSM,wikipedia
2026-09-27,SP400,MTDR,wikipedia
2026-09-27,SP400,MTG,wikipedia
2026-09-27,SP400,MTN,wikipedia
2026-09-27,SP400,MTSI,wikipedia
2026-09-27,SP400,MTZ,wikipedia
2026-09-27,SP400,MUR,wikipedia
2026-09-27,SP400,MUSA,wikipedia
2026-09-27,SP400,MZTI,wikipedia
2026-09-27,SP400,NBIX,wikipedia
2026-09-27,SP400,NEU,wikipedia
2026-09-27,SP400,NFG,wikipedia
2026-09-27,SP400,NJR,wikipedia
2026-09-27,SP400,NLY,wikipedia
2026-09-27,SP400,NNN,wikipedia
2026-09-27,SP400,NOV,wikipedia
2026-09-27,SP400,NOVT,wikipedia
2026-09-27,SP400,NTNX,wikipedia
2026-09-27,SP400,NVST,wikipedia
2026-09-27,SP400,NVT,wikipedia
2026-09-27,SP400,NWE,wikipedia
2026-09-27,SP400,NXST,wikipedia
2026-09-27,SP400,NXT,wikipedia
2026-09-27,SP400,NYT,wikipedia
2026-09-27,SP400,OC,wikipedia
2026-09-27,SP400,OGE,wikipedia
2026-09-27,SP400,OGS,wikipedia
2026-09-27,SP400,OHI,wikipedia
2026-09-27,SP400,OKTA,wikipedia
2026-09-27,SP400,OLED,wikipedia
2026-09-27,SP400,OLLI,wikipedia
2026-09-27,SP400,OLN,wikipedia
2026-09-27,SP400,ONB,wikipedia
2026-09-27,SP400,ONTO,wikipedia
2026-09-27,SP400,OPCH,wikipedia
2026-09-27,SP400,ORA,wikipedia
2026-09-27,SP400,ORI,wikipedia
2026-09-27,SP400,OSK,wikipedia
2026-09-27,SP400,OVV,wikipedia
2026-09-27,SP400,OZK,wikipedia
2026-09-27,SP400,PAG,wikipedia
2026-09-27,SP400,PATH,wikipedia
2026-09-27,SP400,PB,wikipedia
2026-09-27,SP400,PBF,wikipedia
2026-09-27,SP400,PCTY,wikipedia
2026-09-27,SP400,PEGA,wikipedia
2026-09-27,SP400,PEN,wikipedia
2026-09-27,SP400,PFGC,wikipedia
2026-09-27,SP400,PII,wikipedia
2026-09-27,SP400,PINS,wikipedia
2026-09-27,SP400,PK,wikipedia
2026-09-27,SP400,PLNT,wikipedia
2026-09-27,SP400,PNFP,wikipedia
2026-09-27,SP400,POR,wikipedia
2026-09-27,SP400,POST,wikipedia
2026-09-27,SP400,PPC,wikipedia
2026-09-27,SP400,PR,wikipedia
2026-09-27,SP400,PRI,wikipedia
2026-09-27,SP400,PSN,wikipedia
2026-09-27,SP400,PVH,wikipedia
2026-09-27,SP400,QLYS,wikipedia
2026-09-27,SP400,R,wikipedia
2026-09-27,SP400,RBA,wikipedia
2026-09-27,SP400,RBC,wikipedia
2026-09-27,SP400,REXR,wikipedia
2026-09-27,SP400,RGA,wikipedia
2026-09-27,SP400,RGEN,wikipedia
2026-09-27,SP400,RGLD,wikipedia
2026-09-27,SP400,RH,wikipedia
2026-09-27,SP400,RLI,wikipedia
2026-09-27,SP400,RMBS,wikipedia
2026-09-27,SP400,RNR,wikipedia
2026-09-27,SP400,ROIV,wikipedia
2026-09-27,SP400,ROKU,wikipedia
2026-09-27,SP400,RPM,wikipedia
2026-09-27,SP400,RRC,wikipedia
2026-09-27,SP400,RRX,wikipedia
2026-09-27,SP400,RS,wikipedia
2026-09-27,SP400,RYAN,wikipedia
2026-09-27,SP400,RYN,wikipedia
2026-09-27,SP400,SAIA,wikipedia
2026-09-27,SP400,SAIC,wikipedia
2026-09-27,SP400,SANM,wikipedia
2026-09-27,SP400,SARO,wikipedia
2026-09-27,SP400,SBRA,wikipedia
2026-09-27,SP400,SCI,wikipedia
2026-09-27,SP400,SEIC,wikipedia
2026-09-27,SP400,SF,wikipedia
2026-09-27,SP400,SFM,wikipedia
2026-09-27,SP400,SGI,wikipedia
2026-09-27,SP400,SHC,wikipedia
2026-09-27,SP400,SIGI,wikipedia
2026-09-27,SP400,SIRI,wikipedia
2026-09-27,SP400,SITM,wikipedia
2026-09-27,SP400,SLAB,wikipedia
2026-09-27,SP400,SLGN,wikipedia
2026-09-27,SP400,SLM,wikipedia
2026-09-27,SP400,SMG,wikipedia
2026-09-27,SP400,SMTC,wikipedia
2026-09-27,SP400,SN,wikipedia
2026-09-27,SP400,SNX,wikipedia
2026-09-27,SP400,SOLS,wikipedia
2026-09-27,SP400,SON,wikipedia
2026-09-27,SP400,SPXC,wikipedia
2026-09-27,SP400,SR,wikipedia
2026-09-27,SP400,SSB,wikipedia
2026-09-27,SP400,SSD,wikipedia
2026-09-27,SP400,ST,wikipedia
2026-09-27,SP400,STAG,wikipedia
2026-09-27,SP400,STRL,wikipedia
2026-09-27,SP400,STWD,wikipedia
2026-09-27,SP400,SUI,wikipedia
2026-09-27,SP400,SWX,wikipedia
2026-09-27,SP400,SYNA,wikipedia
2026-09-27,SP400,TCBI,wikipedia
2026-09-27,SP400,TEX,wikipedia
2026-09-27,SP400,THC,wikipedia
2026-09-27,SP400,THG,wikipedia
2026-09-27,SP400,THO,wikipedia
2026-09-27,SP400,TKR,wikipedia
2026-09-27,SP400,TLN,wikipedia
2026-09-27,SP400,TNL,wikipedia
2026-09-27,SP400,TOL,wikipedia
2026-09-27,SP400,TOST,wikipedia
2026-09-27,SP400,TREX,wikipedia
2026-09-27,SP400,TRU,wikipedia
2026-09-27,SP400,TTC,wikipedia
2026-09-27,SP400,TTEK,wikipedia
2026-09-27,SP400,TTMI,wikipedia
2026-09-27,SP400,TWLO,wikipedia
2026-09-27,SP400,TXNM,wikipedia
2026-09-27,SP400,TXRH,wikipedia
2026-09-27,SP400,UBSI,wikipedia
2026-09-27,SP400,UFPI,wikipedia
2026-09-27,SP400,UGI,wikipedia
2026-09-27,SP400,ULS,wikipedia
2026-09-27,SP400,UMBF,wikipedia
2026-09-27,SP400,UNM,wikipedia
2026-09-27,SP400,USFD,wikipedia
2026-09-27,SP400,UTHR,wikipedia
2026-09-27,SP400,VAL,wikipedia
2026-09-27,SP400,VC,wikipedia
2026-09-27,SP400,VFC,wikipedia
2026-09-27,SP400,VIAV,wikipedia
2026-09-27,SP400,VICR,wikipedia
2026-09-27,SP400,VLY,wikipedia
2026-09-27,SP400,VMI,wikipedia
2026-09-27,SP400,VNO,wikipedia
2026-09-27,SP400,VNOM,wikipedia
2026-09-27,SP400,VNT,wikipedia
2026-09-27,SP400,VOYA,wikipedia
2026-09-27,SP400,VVV,wikipedia
2026-09-27,SP400,WAL,wikipedia
2026-09-27,SP400,WCC,wikipedia
2026-09-27,SP400,WEX,wikipedia
2026-09-27,SP400,WFRD,wikipedia
2026-09-27,SP400,WH,wikipedia
2026-09-27,SP400,WHR,wikipedia
2026-09-27,SP400,WING,wikipedia
2026-09-27,SP400,WLK,wikipedia
2026-09-27,SP400,WMG,wikipedia
2026-09-27,SP400,WMS,wikipedia
2026-09-27,SP400,WPC,wikipedia
2026-09-27,SP400,WSO,wikipedia
2026-09-27,SP400,WTFC,wikipedia
2026-09-27,SP400,WTRG,wikipedia
2026-09-27,SP400,WTS,wikipedia
2026-09-27,SP400,WWD,wikipedia
2026-09-27,SP400,XPO,wikipedia
2026-09-27,SP400,XRAY,wikipedia
2026-09-27,SP400,YETI,wikipedia
2026-09-27,SP400,ZION,wikipedia
2026-09-27,SP500,A,wikipedia
2026-09-27,SP500,AAPL,wikipedia
2026-09-27,SP500,ABBV,wikipedia
2026-09-27,SP500,ABNB,wikipedia
2026-09-27,SP500,ABT,wikipedia
2026-09-27,SP500,ACGL,wikipedia
2026-09-27,SP500,ACN,wikipedia
2026-09-27,SP500,ADBE,wikipedia
2026-09-27,SP500,ADI,wikipedia
2026-09-27,SP500,ADM,wikipedia
2026-09-27,SP500,ADP,wikipedia
2026-09-27,SP500,ADSK,wikipedia
2026-09-27,SP500,AEE,wikipedia
2026-09-27,SP500,AEP,wikipedia
2026-09-27,SP500,AES,wikipedia
2026-09-27,SP500,AFL,wikipedia
2026-09-27,SP500,AIG,wikipedia
2026-09-27,SP500,AIZ,wikipedia
2026-09-27,SP500,AJG,wikipedia
2026-09-27,SP500,AKAM,wikipedia
2026-09-27,SP500,ALB,wikipedia
2026-09-27,SP500,ALGN,wikipedia
2026-09-27,SP500,ALL,wikipedia
2026-09-27,SP500,ALLE,wikipedia
2026-09-27,SP500,AMAT,wikipedia
2026-09-27,SP500,AMCR,wikipedia
2026-09-27,SP500,AMD,wikipedia
2026-09-27,SP500,AME,wikipedia
2026-09-27,SP500,AMGN,wikipedia
2026-09-27,SP500,AMP,wikipedia
2026-09-27,SP500,AMT,wikipedia
2026-09-27,SP500,AMZN,wikipedia
2026-09-27,SP500,ANET,wikipedia
2026-09-27,SP500,AON,wikipedia
2026-09-27,SP500,AOS,wikipedia
2026-09-27,SP500,APA,wikipedia
2026-09-27,SP500,APD,wikipedia
2026-09-27,SP500,APH,wikipedia
2026-09-27,SP500,APO,wikipedia
2026-09-27,SP500,APP,wikipedia
2026-09-27,SP500,APTV,wikipedia
2026-09-27,SP500,ARE,wikipedia
2026-09-27,SP500,ARES,wikipedia
2026-09-27,SP500,ATO,wikipedia
2026-09-27,SP500,AVGO,wikipedia
2026-09-27,SP500,AVY,wikipedia
2026-09-27,SP500,AWK,wikipedia
2026-09-27,SP500,AXON,wikipedia
2026-09-27,SP500,AXP,wikipedia
2026-09-27,SP500,AZO,wikipedia
2026-09-27,SP500,BA,wikipedia
2026-09-27,SP500,BAC,wikipedia
2026-09-27,SP500,BALL,wikipedia
2026-09-27,SP500,BAX,wikipedia
2026-09-27,SP500,BBY,wikipedia
2026-09-27,SP500,BDX,wikipedia
2026-09-27,SP500,BE,wikipedia
2026-09-27,SP500,BEN,wikipedia
2026-09-27,SP500,BF-B,wikipedia
2026-09-27,SP500,BG,wikipedia
2026-09-27,SP500,BIIB,wikipedia
2026-09-27,SP500,BKNG,wikipedia
2026-09-27,SP500,BKR,wikipedia
2026-09-27,SP500,BLK,wikipedia
2026-09-27,SP500,BMY,wikipedia
2026-09-27,SP500,BNY,wikipedia
2026-09-27,SP500,BR,wikipedia
2026-09-27,SP500,BRK-B,wikipedia
2026-09-27,SP500,BRO,wikipedia
2026-09-27,SP500,BSX,wikipedia
2026-09-27,SP500,BX,wikipedia
2026-09-27,SP500,BXP,wikipedia
2026-09-27,SP500,C,wikipedia
2026-09-27,SP500,CAH,wikipedia
2026-09-27,SP500,CARR,wikipedia
2026-09-27,SP500,CASY,wikipedia
2026-09-27,SP500,CAT,wikipedia
2026-09-27,SP500,CB,wikipedia
2026-09-27,SP500,CBOE,wikipedia
2026-09-27,SP500,CBRE,wikipedia
2026-09-27,SP500,CCI,wikipedia
2026-09-27,SP500,CCL,wikipedia
2026-09-27,SP500,CDNS,wikipedia
2026-09-27,SP500,CDW,wikipedia
2026-09-27,SP500,CEG,wikipedia
2026-09-27,SP500,CF,wikipedia
2026-09-27,SP500,CFG,wikipedia
2026-09-27,SP500,CHD,wikipedia
2026-09-27,SP500,CHRW,wikipedia
2026-09-27,SP500,CHTR,wikipedia
2026-09-27,SP500,CI,wikipedia
2026-09-27,SP500,CIEN,wikipedia
2026-09-27,SP500,CINF,wikipedia
2026-09-27,SP500,CL,wikipedia
2026-09-27,SP500,CLX,wikipedia
2026-09-27,SP500,CMCSA,wikipedia
2026-09-27,SP500,CME,wikipedia
2026-09-27,SP500,CMG,wikipedia
2026-09-27,SP500,CMI,wikipedia
2026-09-27,SP500,CMS,wikipedia
2026-09-27,SP500,CNC,wikipedia
2026-09-27,SP500,CNP,wikipedia
2026-09-27,SP500,COF,wikipedia
2026-09-27,SP500,COHR,wikipedia
2026-09-27,SP500,COIN,wikipedia
2026-09-27,SP500,COO,wikipedia
2026-09-27,SP500,COP,wikipedia
2026-09-27,SP500,COR,wikipedia
2026-09-27,SP500,COST,wikipedia
2026-09-27,SP500,CPAY,wikipedia
2026-09-27,SP500,CPRT,wikipedia
2026-09-27,SP500,CPT,wikipedia
2026-09-27,SP500,CRH,wikipedia
2026-09-27,SP500,CRL,wikipedia
2026-09-27,SP500,CRM,wikipedia
2026-09-27,SP500,CRWD,wikipedia
2026-09-27,SP500,CSCO,wikipedia
2026-09-27,SP500,CSGP,wikipedia
2026-09-27,SP500,CSX,wikipedia
2026-09-27,SP500,CTAS,wikipedia
2026-09-27,SP500,CTSH,wikipedia
2026-09-27,SP500,CTVA,wikipedia
2026-09-27,SP500,CVNA,wikipedia
2026-09-27,SP500,CVS,wikipedia
2026-09-27,SP500,CVX,wikipedia
2026-09-27,SP500,D,wikipedia
2026-09-27,SP500,DAL,wikipedia
2026-09-27,SP500,DASH,wikipedia
2026-09-27,SP500,DD,wikipedia
2026-09-27,SP500,DDOG,wikipedia
2026-09-27,SP500,DE,wikipedia
2026-09-27,SP500,DECK,wikipedia
2026-09-27,SP500,DELL,wikipedia
2026-09-27,SP500,DG,wikipedia
2026-09-27,SP500,DGX,wikipedia
2026-09-27,SP500,DHI,wikipedia
2026-09-27,SP500,DHR,wikipedia
2026-09-27,SP500,DIS,wikipedia
2026-09-27,SP500,DLR,wikipedia
2026-09-27,SP500,DLTR,wikipedia
2026-09-27,SP500,DOC,wikipedia
2026-09-27,SP500,DOV,wikipedia
2026-09-27,SP500,DOW,wikipedia
2026-09-27,SP500,DPZ,wikipedia
2026-09-27,SP500,DRI,wikipedia
2026-09-27,SP500,DTE,wikipedia
2026-09-27,SP500,DUK,wikipedia
2026-09-27,SP500,DVA,wikipedia
2026-09-27,SP500,DVN,wikipedia
2026-09-27,SP500,DXCM,wikipedia
2026-09-27,SP500,EBAY,wikipedia
2026-09-27,SP500,ECHO,wikipedia
2026-09-27,SP500,ECL,wikipedia
2026-09-27,SP500,ED,wikipedia
2026-09-27,SP500,EFX,wikipedia
2026-09-27,SP500,EG,wikipedia
2026-09-27,SP500,EIX,wikipedia
2026-09-27,SP500,EL,wikipedia
2026-09-27,SP500,ELV,wikipedia
2026-09-27,SP500,EME,wikipedia
2026-09-27,SP500,EMR,wikipedia
2026-09-27,SP500,EOG,wikipedia
2026-09-27,SP500,EQIX,wikipedia
2026-09-27,SP500,EQT,wikipedia
2026-09-27,SP500,ERIE,wikipedia
2026-09-27,SP500,ES,wikipedia
2026-09-27,SP500,ESS,wikipedia
2026-09-27,SP500,ETN,wikipedia
2026-09-27,SP500,ETR,wikipedia
2026-09-27,SP500,EVRG,wikipedia
2026-09-27,SP500,EW,wikipedia
2026-09-27,SP500,EXC,wikipedia
2026-09-27,SP500,EXE,wikipedia
2026-09-27,SP500,EXPD,wikipedia
2026-09-27,SP500,EXPE,wikipedia
2026-09-27,SP500,EXR,wikipedia
2026-09-27,SP500,F,wikipedia
2026-09-27,SP500,FANG,wikipedia
2026-09-27,SP500,FAST,wikipedia
2026-09-27,SP500,FCX,wikipedia
2026-09-27,SP500,FDS,wikipedia
2026-09-27,SP500,FDX,wikipedia
2026-09-27,SP500,FDXF,wikipedia
2026-09-27,SP500,FE,wikipedia
2026-09-27,SP500,FERG,wikipedia
2026-09-27,SP500,FFIV,wikipedia
2026-09-27,SP500,FICO,wikipedia
2026-09-27,SP500,FIS,wikipedia
2026-09-27,SP500,FISV,wikipedia
2026-09-27,SP500,FITB,wikipedia
2026-09-27,SP500,FIX,wikipedia
2026-09-27,SP500,FLEX,wikipedia
2026-09-27,SP500,FOX,wikipedia
2026-09-27,SP500,FOXA,wikipedia
2026-09-27,SP500,FRT,wikipedia
2026-09-27,SP500,FSLR,wikipedia
2026-09-27,SP500,FTNT,wikipedia
2026-09-27,SP500,FTV,wikipedia
2026-09-27,SP500,GD,wikipedia
2026-09-27,SP500,GDDY,wikipedia
2026-09-27,SP500,GE,wikipedia
2026-09-27,SP500,GEHC,wikipedia
2026-09-27,SP500,GEN,wikipedia
2026-09-27,SP500,GEV,wikipedia
2026-09-27,SP500,GILD,wikipedia
2026-09-27,SP500,GIS,wikipedia
2026-09-27,SP500,GL,wikipedia
2026-09-27,SP500,GLW,wikipedia
2026-09-27,SP500,GM,wikipedia
2026-09-27,SP500,GNRC,wikipedia
2026-09-27,SP500,GOOG,wikipedia
2026-09-27,SP500,GOOGL,wikipedia
2026-09-27,SP500,GPC,wikipedia
2026-09-27,SP500,GPN,wikipedia
2026-09-27,SP500,GRMN,wikipedia
2026-09-27,SP500,GS,wikipedia
2026-09-27,SP500,GWW,wikipedia
2026-09-27,SP500,HAL,wikipedia
2026-09-27,SP500,HAS,wikipedia
2026-09-27,SP500,HBAN,wikipedia
2026-09-27,SP500,HCA,wikipedia
2026-09-27,SP500,HD,wikipedia
2026-09-27,SP500,HIG,wikipedia
2026-09-27,SP500,HII,wikipedia
2026-09-27,SP500,HLT,wikipedia
2026-09-27,SP500,HON,wikipedia
2026-09-27,SP500,HONA,wikipedia
2026-09-27,SP500,HOOD,wikipedia
2026-09-27,SP500,HPE,wikipedia
2026-09-27,SP500,HPQ,wikipedia
2026-09-27,SP500,HRL,wikipedia
2026-09-27,SP500,HSIC,wikipedia
2026-09-27,SP500,HST,wikipedia
2026-09-27,SP500,HSY,wikipedia
2026-09-27,SP500,HUBB,wikipedia
2026-09-27,SP500,HUM,wikipedia
2026-09-27,SP500,HWM,wikipedia
2026-09-27,SP500,IBKR,wikipedia
2026-09-27,SP500,IBM,wikipedia
2026-09-27,SP500,ICE,wikipedia
2026-09-27,SP500,IDXX,wikipedia
2026-09-27,SP500,IEX,wikipedia
2026-09-27,SP500,IFF,wikipedia
2026-09-27,SP500,ILMN,wikipedia
2026-09-27,SP500,INCY,wikipedia
2026-09-27,SP500,INTC,wikipedia
2026-09-27,SP500,INTU,wikipedia
2026-09-27,SP500,INVH,wikipedia
2026-09-27,SP500,IP,wikipedia
2026-09-27,SP500,IQV,wikipedia
2026-09-27,SP500,IR,wikipedia
2026-09-27,SP500,IRM,wikipedia
2026-09-27,SP500,ISRG,wikipedia
2026-09-27,SP500,IT,wikipedia
2026-09-27,SP500,ITW,wikipedia
2026-09-27,SP500,IVZ,wikipedia
2026-09-27,SP500,J,wikipedia
2026-09-27,SP500,JBHT,wikipedia
2026-09-27,SP500,JBL,wikipedia
2026-09-27,SP500,JCI,wikipedia
2026-09-27,SP500,JKHY,wikipedia
2026-09-27,SP500,JNJ,wikipedia
2026-09-27,SP500,JPM,wikipedia
2026-09-27,SP500,KDP,wikipedia
2026-09-27,SP500,KEY,wikipedia
2026-09-27,SP500,KEYS,wikipedia
2026-09-27,SP500,KHC,wikipedia
2026-09-27,SP500,KIM,wikipedia
2026-09-27,SP500,KKR,wikipedia
2026-09-27,SP500,KLAC,wikipedia
2026-09-27,SP500,KMB,wikipedia
2026-09-27,SP500,KMI,wikipedia
2026-09-27,SP500,KO,wikipedia
2026-09-27,SP500,KR,wikipedia
2026-09-27,SP500,KVUE,wikipedia
2026-09-27,SP500,L,wikipedia
2026-09-27,SP500,LDOS,wikipedia
2026-09-27,SP500,LEN,wikipedia
2026-09-27,SP500,LH,wikipedia
2026-09-27,SP500,LHX,wikipedia
2026-09-27,SP500,LII,wikipedia
2026-09-27,SP500,LIN,wikipedia
2026-09-27,SP500,LITE,wikipedia
2026-09-27,SP500,LLY,wikipedia
2026-09-27,SP500,LMT,wikipedia
2026-09-27,SP500,LNT,wikipedia
2026-09-27,SP500,LOW,wikipedia
2026-09-27,SP500,LRCX,wikipedia
2026-09-27,SP500,LULU,wikipedia
2026-09-27,SP500,LUV,wikipedia
2026-09-27,SP500,LVS,wikipedia
2026-09-27,SP500,LYB,wikipedia
2026-09-27,SP500,LYV,wikipedia
2026-09-27,SP500,MA,wikipedia
2026-09-27,SP500,MAA,wikipedia
2026-09-27,SP500,MAR,wikipedia
2026-09-27,SP500,MAS,wikipedia
2026-09-27,SP500,MCD,wikipedia
2026-09-27,SP500,MCHP,wikipedia
2026-09-27,SP500,MCK,wikipedia
2026-09-27,SP500,MCO,wikipedia
2026-09-27,SP500,MDLZ,wikipedia
2026-09-27,SP500,MDT,wikipedia
2026-09-27,SP500,MET,wikipedia
2026-09-27,SP500,META,wikipedia
2026-09-27,SP500,MGM,wikipedia
2026-09-27,SP500,MKC,wikipedia
2026-09-27,SP500,MLM,wikipedia
2026-09-27,SP500,MMM,wikipedia
2026-09-27,SP500,MNST,wikipedia
2026-09-27,SP500,MO,wikipedia
2026-09-27,SP500,MOS,wikipedia
2026-09-27,SP500,MPC,wikipedia
2026-09-27,SP500,MPWR,wikipedia
2026-09-27,SP500,MRK,wikipedia
2026-09-27,SP500,MRNA,wikipedia
2026-09-27,SP500,MRSH,wikipedia
2026-09-27,SP500,MRVL,wikipedia
2026-09-27,SP500,MS,wikipedia
2026-09-27,SP500,MSCI,wikipedia
2026-09-27,SP500,MSFT,wikipedia
2026-09-27,SP500,MSI,wikipedia
2026-09-27,SP500,MTB,wikipedia
2026-09-27,SP500,MTD,wikipedia
2026-09-27,SP500,MU,wikipedia
2026-09-27,SP500,NCLH,wikipedia
2026-09-27,SP500,NDAQ,wikipedia
2026-09-27,SP500,NDSN,wikipedia
2026-09-27,SP500,NEE,wikipedia
2026-09-27,SP500,NEM,wikipedia
2026-09-27,SP500,NFLX,wikipedia
2026-09-27,SP500,NI,wikipedia
2026-09-27,SP500,NKE,wikipedia
2026-09-27,SP500,NOC,wikipedia
2026-09-27,SP500,NOW,wikipedia
2026-09-27,SP500,NRG,wikipedia
2026-09-27,SP500,NSC,wikipedia
2026-09-27,SP500,NTAP,wikipedia
2026-09-27,SP500,NTRS,wikipedia
2026-09-27,SP500,NUE,wikipedia
2026-09-27,SP500,NVDA,wikipedia
2026-09-27,SP500,NVR,wikipedia
2026-09-27,SP500,NWS,wikipedia
2026-09-27,SP500,NWSA,wikipedia
2026-09-27,SP500,NXPI,wikipedia
2026-09-27,SP500,O,wikipedia
2026-09-27,SP500,ODFL,wikipedia
2026-09-27,SP500,OKE,wikipedia
2026-09-27,SP500,OMC,wikipedia
2026-09-27,SP500,ON,wikipedia
2026-09-27,SP500,ORCL,wikipedia
2026-09-27,SP500,ORLY,wikipedia
2026-09-27,SP500,OTIS,wikipedia
2026-09-27,SP500,OXY,wikipedia
2026-09-27,SP500,P,wikipedia
2026-09-27,SP500,PANW,wikipedia
2026-09-27,SP500,PAYX,wikipedia
2026-09-27,SP500,PCAR,wikipedia
2026-09-27,SP500,PCG,wikipedia
2026-09-27,SP500,PEG,wikipedia
2026-09-27,SP500,PEP,wikipedia
2026-09-27,SP500,PFE,wikipedia
2026-09-27,SP500,PFG,wikipedia
2026-09-27,SP500,PG,wikipedia
2026-09-27,SP500,PGR,wikipedia
2026-09-27,SP500,PH,wikipedia
2026-09-27,SP500,PHM,wikipedia
2026-09-27,SP500,PKG,wikipedia
2026-09-27,SP500,PLD,wikipedia
2026-09-27,SP500,PLTR,wikipedia
2026-09-27,SP500,PM,wikipedia
2026-09-27,SP500,PNC,wikipedia
2026-09-27,SP500,PNR,wikipedia
2026-09-27,SP500,PNW,wikipedia
2026-09-27,SP500,PODD,wikipedia
2026-09-27,SP500,PPG,wikipedia
2026-09-27,SP500,PPL,wikipedia
2026-09-27,SP500,PRU,wikipedia
2026-09-27,SP500,PSA,wikipedia
2026-09-27,SP500,PSKY,wikipedia
2026-09-27,SP500,PSX,wikipedia
2026-09-27,SP500,PTC,wikipedia
2026-09-27,SP500,PWR,wikipedia
2026-09-27,SP500,PYPL,wikipedia
2026-09-27,SP500,Q,wikipedia
2026-09-27,SP500,QCOM,wikipedia
2026-09-27,SP500,RCL,wikipedia
2026-09-27,SP500,RDDT,wikipedia
2026-09-27,SP500,REG,wikipedia
2026-09-27,SP500,REGN,wikipedia
2026-09-27,SP500,RF,wikipedia
2026-09-27,SP500,RJF,wikipedia
2026-09-27,SP500,RL,wikipedia
2026-09-27,SP500,RMD,wikipedia
2026-09-27,SP500,ROK,wikipedia
2026-09-27,SP500,ROL,wikipedia
2026-09-27,SP500,ROP,wikipedia
2026-09-27,SP500,ROST,wikipedia
2026-09-27,SP500,RSG,wikipedia
2026-09-27,SP500,RTX,wikipedia
2026-09-27,SP500,RVTY,wikipedia
2026-09-27,SP500,SBAC,wikipedia
2026-09-27,SP500,SBUX,wikipedia
2026-09-27,SP500,SCHW,wikipedia
2026-09-27,SP500,SHW,wikipedia
2026-09-27,SP500,SJM,wikipedia
2026-09-27,SP500,SLB,wikipedia
2026-09-27,SP500,SMCI,wikipedia
2026-09-27,SP500,SNA,wikipedia
2026-09-27,SP500,SNDK,wikipedia
2026-09-27,SP500,SNPS,wikipedia
2026-09-27,SP500,SO,wikipedia
2026-09-27,SP500,SOLV,wikipedia
2026-09-27,SP500,SPG,wikipedia
2026-09-27,SP500,SPGI,wikipedia
2026-09-27,SP500,SRE,wikipedia
2026-09-27,SP500,STE,wikipedia
2026-09-27,SP500,STLD,wikipedia
2026-09-27,SP500,STT,wikipedia
2026-09-27,SP500,STX,wikipedia
2026-09-27,SP500,STZ,wikipedia
2026-09-27,SP500,SW,wikipedia
2026-09-27,SP500,SWK,wikipedia
2026-09-27,SP500,SWKS,wikipedia
2026-09-27,SP500,SYF,wikipedia
2026-09-27,SP500,SYK,wikipedia
2026-09-27,SP500,SYY,wikipedia
2026-09-27,SP500,T,wikipedia
2026-09-27,SP500,TDG,wikipedia
2026-09-27,SP500,TDY,wikipedia
2026-09-27,SP500,TECH,wikipedia
2026-09-27,SP500,TEL,wikipedia
2026-09-27,SP500,TER,wikipedia
2026-09-27,SP500,TFC,wikipedia
2026-09-27,SP500,TGT,wikipedia
2026-09-27,SP500,TJX,wikipedia
2026-09-27,SP500,TKO,wikipedia
2026-09-27,SP500,TMO,wikipedia
2026-09-27,SP500,TMUS,wikipedia
2026-09-27,SP500,TPL,wikipedia
2026-09-27,SP500,TPR,wikipedia
2026-09-27,SP500,TRGP,wikipedia
2026-09-27,SP500,TRMB,wikipedia
2026-09-27,SP500,TROW,wikipedia
2026-09-27,SP500,TRV,wikipedia
2026-09-27,SP500,TSCO,wikipedia
2026-09-27,SP500,TSLA,wikipedia
2026-09-27,SP500,TSN,wikipedia
2026-09-27,SP500,TT,wikipedia
2026-09-27,SP500,TTWO,wikipedia
2026-09-27,SP500,TXN,wikipedia
2026-09-27,SP500,TXT,wikipedia
2026-09-27,SP500,TYL,wikipedia
2026-09-27,SP500,UAL,wikipedia
2026-09-27,SP500,UBER,wikipedia
2026-09-27,SP500,UDR,wikipedia
2026-09-27,SP500,UHS,wikipedia
2026-09-27,SP500,ULTA,wikipedia
2026-09-27,SP500,UNH,wikipedia
2026-09-27,SP500,UNP,wikipedia
2026-09-27,SP500,UPS,wikipedia
2026-09-27,SP500,URI,wikipedia
2026-09-27,SP500,USB,wikipedia
2026-09-27,SP500,V,wikipedia
2026-09-27,SP500,VEEV,wikipedia
2026-09-27,SP500,VICI,wikipedia
2026-09-27,SP500,VLO,wikipedia
2026-09-27,SP500,VLTO,wikipedia
2026-09-27,SP500,VMC,wikipedia
2026-09-27,SP500,VMRK,wikipedia
2026-09-27,SP500,VRSK,wikipedia
2026-09-27,SP500,VRSN,wikipedia
2026-09-27,SP500,VRT,wikipedia
2026-09-27,SP500,VRTX,wikipedia
2026-09-27,SP500,VST,wikipedia
2026-09-27,SP500,VTR,wikipedia
2026-09-27,SP500,VTRS,wikipedia
2026-09-27,SP500,VZ,wikipedia
2026-09-27,SP500,WAB,wikipedia
2026-09-27,SP500,WAT,wikipedia
2026-09-27,SP500,WBD,wikipedia
2026-09-27,SP500,WDAY,wikipedia
2026-09-27,SP500,WDC,wikipedia
2026-09-27,SP500,WEC,wikipedia
2026-09-27,SP500,WELL,wikipedia
2026-09-27,SP500,WFC,wikipedia
2026-09-27,SP500,WM,wikipedia
2026-09-27,SP500,WMB,wikipedia
2026-09-27,SP500,WMT,wikipedia
2026-09-27,SP500,WRB,wikipedia
2026-09-27,SP500,WSM,wikipedia
2026-09-27,SP500,WST,wikipedia
2026-09-27,SP500,WTW,wikipedia
2026-09-27,SP500,WY,wikipedia
2026-09-27,SP500,WYNN,wikipedia
2026-09-27,SP500,XEL,wikipedia
2026-09-27,SP500,XOM,wikipedia
2026-09-27,SP500,XYL,wikipedia
2026-09-27,SP500,XYZ,wikipedia
2026-09-27,SP500,YUM,wikipedia
2026-09-27,SP500,ZBH,wikipedia
2026-09-27,SP500,ZBRA,wikipedia
2026-09-27,SP500,ZTS,wikipedia
2026-09-27,SP600,AAMI,wikipedia
2026-09-27,SP600,AAP,wikipedia
2026-09-27,SP600,AAT,wikipedia
2026-09-27,SP600,ABCB,wikipedia
2026-09-27,SP600,ABG,wikipedia
2026-09-27,SP600,ABM,wikipedia
2026-09-27,SP600,ABR,wikipedia
2026-09-27,SP600,ACA,wikipedia
2026-09-27,SP600,ACAD,wikipedia
2026-09-27,SP600,ACHC,wikipedia
2026-09-27,SP600,ACIW,wikipedia
2026-09-27,SP600,ACLS,wikipedia
2026-09-27,SP600,ACMR,wikipedia
2026-09-27,SP600,ACT,wikipedia
2026-09-27,SP600,ADAM,wikipedia
2026-09-27,SP600,ADEA,wikipedia
2026-09-27,SP600,ADIG,wikipedia
2026-09-27,SP600,ADMA,wikipedia
2026-09-27,SP600,ADNT,wikipedia
2026-09-27,SP600,ADT,wikipedia
2026-09-27,SP600,ADUS,wikipedia
2026-09-27,SP600,AEO,wikipedia
2026-09-27,SP600,AESI,wikipedia
2026-09-27,SP600,AGNT,wikipedia
2026-09-27,SP600,AGO,wikipedia
2026-09-27,SP600,AGX,wikipedia
2026-09-27,SP600,AGYS,wikipedia
2026-09-27,SP600,AHCO,wikipedia
2026-09-27,SP600,AIN,wikipedia
2026-09-27,SP600,AIR,wikipedia
2026-09-27,SP600,AKR,wikipedia
2026-09-27,SP600,ALG,wikipedia
2026-09-27,SP600,ALGT,wikipedia
2026-09-27,SP600,ALHC,wikipedia
2026-09-27,SP600,ALKS,wikipedia
2026-09-27,SP600,ALRM,wikipedia
2026-09-27,SP600,AMN,wikipedia
2026-09-27,SP600,AMPH,wikipedia
2026-09-27,SP600,AMR,wikipedia
2026-09-27,SP600,AMRX,wikipedia
2026-09-27,SP600,AMSF,wikipedia
2026-09-27,SP600,AMTM,wikipedia
2026-09-27,SP600,ANDE,wikipedia
2026-09-27,SP600,ANIP,wikipedia
2026-09-27,SP600,AORT,wikipedia
2026-09-27,SP600,AOSL,wikipedia
2026-09-27,SP600,APAM,wikipedia
2026-09-27,SP600,APLE,wikipedia
2026-09-27,SP600,APOG,wikipedia
2026-09-27,SP600,ARCB,wikipedia
2026-09-27,SP600,ARLO,wikipedia
2026-09-27,SP600,AROC,wikipedia
2026-09-27,SP600,ARR,wikipedia
2026-09-27,SP600,ASO,wikipedia
2026-09-27,SP600,ASTE,wikipedia
2026-09-27,SP600,ASTH,wikipedia
2026-09-27,SP600,ATEN,wikipedia
2026-09-27,SP600,ATMU,wikipedia
2026-09-27,SP600,AUB,wikipedia
2026-09-27,SP600,AVA,wikipedia
2026-09-27,SP600,AWI,wikipedia
2026-09-27,SP600,AWR,wikipedia
2026-09-27,SP600,AX,wikipedia
2026-09-27,SP600,AZTA,wikipedia
2026-09-27,SP600,AZZ,wikipedia
2026-09-27,SP600,BANC,wikipedia
2026-09-27,SP600,BANF,wikipedia
2026-09-27,SP600,BANR,wikipedia
2026-09-27,SP600,BBT,wikipedia
2026-09-27,SP600,BCC,wikipedia
2026-09-27,SP600,BCPC,wikipedia
2026-09-27,SP600,BFAM,wikipedia
2026-09-27,SP600,BFH,wikipedia
2026-09-27,SP600,BFS,wikipedia
2026-09-27,SP600,BGC,wikipedia
2026-09-27,SP600,BHE,wikipedia
2026-09-27,SP600,BJRI,wikipedia
2026-09-27,SP600,BKE,wikipedia
2026-09-27,SP600,BKU,wikipedia
2026-09-27,SP600,BL,wikipedia
2026-09-27,SP600,BLFS,wikipedia
2026-09-27,SP600,BLKB,wikipedia
2026-09-27,SP600,BMI,wikipedia
2026-09-27,SP600,BNL,wikipedia
2026-09-27,SP600,BOH,wikipedia
2026-09-27,SP600,BOOT,wikipedia
2026-09-27,SP600,BOX,wikipedia
2026-09-27,SP600,BRC,wikipedia
2026-09-27,SP600,BTU,wikipedia
2026-09-27,SP600,BXMT,wikipedia
2026-09-27,SP600,CACC,wikipedia
2026-09-27,SP600,CAG,wikipedia
2026-09-27,SP600,CAKE,wikipedia
2026-09-27,SP600,CALM,wikipedia
2026-09-27,SP600,CALX,wikipedia
2026-09-27,SP600,CALY,wikipedia
2026-09-27,SP600,CARG,wikipedia
2026-09-27,SP600,CASH,wikipedia
2026-09-27,SP600,CATY,wikipedia
2026-09-27,SP600,CBRL,wikipedia
2026-09-27,SP600,CBU,wikipedia
2026-09-27,SP600,CC,wikipedia
2026-09-27,SP600,CCOI,wikipedia
2026-09-27,SP600,CCS,wikipedia
2026-09-27,SP600,CE,wikipedia
2026-09-27,SP600,CENT,wikipedia
2026-09-27,SP600,CENTA,wikipedia
2026-09-27,SP600,CENX,wikipedia
2026-09-27,SP600,CERT,wikipedia
2026-09-27,SP600,CFFN,wikipedia
2026-09-27,SP600,CHCO,wikipedia
2026-09-27,SP600,CHEF,wikipedia
2026-09-27,SP600,CLSK,wikipedia
2026-09-27,SP600,CNK,wikipedia
2026-09-27,SP600,CNMD,wikipedia
2026-09-27,SP600,CNR,wikipedia
2026-09-27,SP600,CNS,wikipedia
2026-09-27,SP600,CNXC,wikipedia
2026-09-27,SP600,CNXN,wikipedia
2026-09-27,SP600,COCO,wikipedia
2026-09-27,SP600,COHU,wikipedia
2026-09-27,SP600,COLL,wikipedia
2026-09-27,SP600,CON,wikipedia
2026-09-27,SP600,CORT,wikipedia
2026-09-27,SP600,COTY,wikipedia
2026-09-27,SP600,CPB,wikipedia
2026-09-27,SP600,CPF,wikipedia
2026-09-27,SP600,CPK,wikipedia
2026-09-27,SP600,CRC,wikipedia
2026-09-27,SP600,CRGY,wikipedia
2026-09-27,SP600,CRI,wikipedia
2026-09-27,SP600,CRK,wikipedia
2026-09-27,SP600,CRSR,wikipedia
2026-09-27,SP600,CRVL,wikipedia
2026-09-27,SP600,CSR,wikipedia
2026-09-27,SP600,CSW,wikipedia
2026-09-27,SP600,CTS,wikipedia
2026-09-27,SP600,CUBI,wikipedia
2026-09-27,SP600,CURB,wikipedia
2026-09-27,SP600,CVBF,wikipedia
2026-09-27,SP600,CVCO,wikipedia
2026-09-27,SP600,CVI,wikipedia
2026-09-27,SP600,CVSA,wikipedia
2026-09-27,SP600,CWEN,wikipedia
2026-09-27,SP600,CWEN-A,wikipedia
2026-09-27,SP600,CWK,wikipedia
2026-09-27,SP600,CWST,wikipedia
2026-09-27,SP600,CWT,wikipedia
2026-09-27,SP600,CXM,wikipedia
2026-09-27,SP600,CXW,wikipedia
2026-09-27,SP600,CZR,wikipedia
2026-09-27,SP600,DAN,wikipedia
2026-09-27,SP600,DAVE,wikipedia
2026-09-27,SP600,DBD,wikipedia
2026-09-27,SP600,DCH,wikipedia
2026-09-27,SP600,DCOM,wikipedia
2026-09-27,SP600,DEA,wikipedia
2026-09-27,SP600,DEI,wikipedia
2026-09-27,SP600,DFH,wikipedia
2026-09-27,SP600,DFIN,wikipedia
2026-09-27,SP600,DGII,wikipedia
2026-09-27,SP600,DIOD,wikipedia
2026-09-27,SP600,DLX,wikipedia
2026-09-27,SP600,DMC,wikipedia
2026-09-27,SP600,DNOW,wikipedia
2026-09-27,SP600,DORM,wikipedia
2026-09-27,SP600,DRH,wikipedia
2026-09-27,SP600,DV,wikipedia
2026-09-27,SP600,DXC,wikipedia
2026-09-27,SP600,DXPE,wikipedia
2026-09-27,SP600,EAT,wikipedia
2026-09-27,SP600,EBC,wikipedia
2026-09-27,SP600,ECG,wikipedia
2026-09-27,SP600,ECPG,wikipedia
2026-09-27,SP600,EFC,wikipedia
2026-09-27,SP600,EFOR,wikipedia
2026-09-27,SP600,EGBN,wikipedia
2026-09-27,SP600,EIG,wikipedia
2026-09-27,SP600,EMN,wikipedia
2026-09-27,SP600,ENOV,wikipedia
2026-09-27,SP600,ENPH,wikipedia
2026-09-27,SP600,ENR,wikipedia
2026-09-27,SP600,ENVA,wikipedia
2026-09-27,SP600,EPAC,wikipedia
2026-09-27,SP600,EPAM,wikipedia
2026-09-27,SP600,EPC,wikipedia
2026-09-27,SP600,EPRT,wikipedia
2026-09-27,SP600,ESE,wikipedia
2026-09-27,SP600,ESI,wikipedia
2026-09-27,SP600,ETSY,wikipedia
2026-09-27,SP600,EVTC,wikipedia
2026-09-27,SP600,EXTR,wikipedia
2026-09-27,SP600,EYE,wikipedia
2026-09-27,SP600,EZPW,wikipedia
2026-09-27,SP600,FA,wikipedia
2026-09-27,SP600,FBK,wikipedia
2026-09-27,SP600,FBNC,wikipedia
2026-09-27,SP600,FBP,wikipedia
2026-09-27,SP600,FBRT,wikipedia
2026-09-27,SP600,FCF,wikipedia
2026-09-27,SP600,FCPT,wikipedia
2026-09-27,SP600,FELE,wikipedia
2026-09-27,SP600,FFBC,wikipedia
2026-09-27,SP600,FG,wikipedia
2026-09-27,SP600,FHB,wikipedia
2026-09-27,SP600,FIBK,wikipedia
2026-09-27,SP600,FIVN,wikipedia
2026-09-27,SP600,FIZZ,wikipedia
2026-09-27,SP600,FLO,wikipedia
2026-09-27,SP600,FMC,wikipedia
2026-09-27,SP600,FORM,wikipedia
2026-09-27,SP600,FOXF,wikipedia
2026-09-27,SP600,FRPT,wikipedia
2026-09-27,SP600,FSS,wikipedia
2026-09-27,SP600,FTDR,wikipedia
2026-09-27,SP600,FTRE,wikipedia
2026-09-27,SP600,FUL,wikipedia
2026-09-27,SP600,FULT,wikipedia
2026-09-27,SP600,FUN,wikipedia
2026-09-27,SP600,GBX,wikipedia
2026-09-27,SP600,GEO,wikipedia
2026-09-27,SP600,GFF,wikipedia
2026-09-27,SP600,GIII,wikipedia
2026-09-27,SP600,GKOS,wikipedia
2026-09-27,SP600,GNL,wikipedia
2026-09-27,SP600,GNW,wikipedia
2026-09-27,SP600,GO,wikipedia
2026-09-27,SP600,GOLF,wikipedia
2026-09-27,SP600,GPI,wikipedia
2026-09-27,SP600,GPOR,wikipedia
2026-09-27,SP600,GRBK,wikipedia
2026-09-27,SP600,GSHD,wikipedia
2026-09-27,SP600,GT,wikipedia
2026-09-27,SP600,GTES,wikipedia
2026-09-27,SP600,GTM,wikipedia
2026-09-27,SP600,GTY,wikipedia
2026-09-27,SP600,GVA,wikipedia
2026-09-27,SP600,HAFC,wikipedia
2026-09-27,SP600,HASI,wikipedia
2026-09-27,SP600,HAYW,wikipedia
2026-09-27,SP600,HCC,wikipedia
2026-09-27,SP600,HCI,wikipedia
2026-09-27,SP600,HCSG,wikipedia
2026-09-27,SP600,HE,wikipedia
2026-09-27,SP600,HFWA,wikipedia
2026-09-27,SP600,HIW,wikipedia
2026-09-27,SP600,HLIT,wikipedia
2026-09-27,SP600,HLX,wikipedia
2026-09-27,SP600,HMN,wikipedia
2026-09-27,SP600,HNI,wikipedia
2026-09-27,SP600,HOPE,wikipedia
2026-09-27,SP600,HP,wikipedia
2026-09-27,SP600,HRMY,wikipedia
2026-09-27,SP600,HSTM,wikipedia
2026-09-27,SP600,HTH,wikipedia
2026-09-27,SP600,HTLD,wikipedia
2026-09-27,SP600,HTO,wikipedia
2026-09-27,SP600,HUBG,wikipedia
2026-09-27,SP600,HWKN,wikipedia
2026-09-27,SP600,HZO,wikipedia
2026-09-27,SP600,IART,wikipedia
2026-09-27,SP600,IBP,wikipedia
2026-09-27,SP600,ICHR,wikipedia
2026-09-27,SP600,ICUI,wikipedia
2026-09-27,SP600,IIPR,wikipedia
2026-09-27,SP600,INDB,wikipedia
2026-09-27,SP600,INDV,wikipedia
2026-09-27,SP600,INSP,wikipedia
2026-09-27,SP600,INSW,wikipedia
2026-09-27,SP600,INVA,wikipedia
2026-09-27,SP600,INVX,wikipedia
2026-09-27,SP600,IOSP,wikipedia
2026-09-27,SP600,IPAR,wikipedia
2026-09-27,SP600,IRDM,wikipedia
2026-09-27,SP600,ITGR,wikipedia
2026-09-27,SP600,ITRI,wikipedia
2026-09-27,SP600,IVT,wikipedia
2026-09-27,SP600,JBGS,wikipedia
2026-09-27,SP600,JBLU,wikipedia
2026-09-27,SP600,JBSS,wikipedia
2026-09-27,SP600,JBTM,wikipedia
2026-09-27,SP600,JJSF,wikipedia
2026-09-27,SP600,JOE,wikipedia
2026-09-27,SP600,JXN,wikipedia
2026-09-27,SP600,KAI,wikipedia
2026-09-27,SP600,KALU,wikipedia
2026-09-27,SP600,KFY,wikipedia
2026-09-27,SP600,KGS,wikipedia
2026-09-27,SP600,KLIC,wikipedia
2026-09-27,SP600,KMPR,wikipedia
2026-09-27,SP600,KMT,wikipedia
2026-09-27,SP600,KMX,wikipedia
2026-09-27,SP600,KN,wikipedia
2026-09-27,SP600,KNTK,wikipedia
2026-09-27,SP600,KOP,wikipedia
2026-09-27,SP600,KRMN,wikipedia
2026-09-27,SP600,KSS,wikipedia
2026-09-27,SP600,KTB,wikipedia
2026-09-27,SP600,KWR,wikipedia
2026-09-27,SP600,LAUR,wikipedia
2026-09-27,SP600,LAZ,wikipedia
2026-09-27,SP600,LBRT,wikipedia
2026-09-27,SP600,LCII,wikipedia
2026-09-27,SP600,LEG,wikipedia
2026-09-27,SP600,LEU,wikipedia
2026-09-27,SP600,LFST,wikipedia
2026-09-27,SP600,LGIH,wikipedia
2026-09-27,SP600,LGND,wikipedia
2026-09-27,SP600,LIF,wikipedia
2026-09-27,SP600,LKFN,wikipedia
2026-09-27,SP600,LKQ,wikipedia
2026-09-27,SP600,LMAT,wikipedia
2026-09-27,SP600,LNC,wikipedia
2026-09-27,SP600,LNN,wikipedia
2026-09-27,SP600,LPG,wikipedia
2026-09-27,SP600,LQDA,wikipedia
2026-09-27,SP600,LQDT,wikipedia
2026-09-27,SP600,LRN,wikipedia
2026-09-27,SP600,LTC,wikipedia
2026-09-27,SP600,LTH,wikipedia
2026-09-27,SP600,LUMN,wikipedia
2026-09-27,SP600,LW,wikipedia
2026-09-27,SP600,LXP,wikipedia
2026-09-27,SP600,LYFT,wikipedia
2026-09-27,SP600,LZ,wikipedia
2026-09-27,SP600,LZB,wikipedia
2026-09-27,SP600,MAC,wikipedia
2026-09-27,SP600,MAN,wikipedia
2026-09-27,SP600,MARA,wikipedia
2026-09-27,SP600,MATW,wikipedia
2026-09-27,SP600,MATX,wikipedia
2026-09-27,SP600,MBC,wikipedia
2026-09-27,SP600,MBGL,wikipedia
2026-09-27,SP600,MBIN,wikipedia
2026-09-27,SP600,MC,wikipedia
2026-09-27,SP600,MCRI,wikipedia
2026-09-27,SP600,MCY,wikipedia
2026-09-27,SP600,MD,wikipedia
2026-09-27,SP600,MDU,wikipedia
2026-09-27,SP600,MFP,wikipedia
2026-09-27,SP600,MGEE,wikipedia
2026-09-27,SP600,MGY,wikipedia
2026-09-27,SP600,MHK,wikipedia
2026-09-27,SP600,MHO,wikipedia
2026-09-27,SP600,MIR,wikipedia
2026-09-27,SP600,MKTX,wikipedia
2026-09-27,SP600,MLKN,wikipedia
2026-09-27,SP600,MMI,wikipedia
2026-09-27,SP600,MMSI,wikipedia
2026-09-27,SP600,MPT,wikipedia
2026-09-27,SP600,MRCY,wikipedia
2026-09-27,SP600,MRP,wikipedia
2026-09-27,SP600,MRTN,wikipedia
2026-09-27,SP600,MSEX,wikipedia
2026-09-27,SP600,MSGS,wikipedia
2026-09-27,SP600,MTCH,wikipedia
2026-09-27,SP600,MTH,wikipedia
2026-09-27,SP600,MTRN,wikipedia
2026-09-27,SP600,MTUS,wikipedia
2026-09-27,SP600,MTX,wikipedia
2026-09-27,SP600,MWA,wikipedia
2026-09-27,SP600,MXL,wikipedia
2026-09-27,SP600,MYRG,wikipedia
2026-09-27,SP600,NABL,wikipedia
2026-09-27,SP600,NATL,wikipedia
2026-09-27,SP600,NAVI,wikipedia
2026-09-27,SP600,NBHC,wikipedia
2026-09-27,SP600,NBTB,wikipedia
2026-09-27,SP600,NE,wikipedia
2026-09-27,SP600,NEO,wikipedia
2026-09-27,SP600,NEOG,wikipedia
2026-09-27,SP600,NGVT,wikipedia
2026-09-27,SP600,NHC,wikipedia
2026-09-27,SP600,NHI,wikipedia
2026-09-27,SP600,NIC,wikipedia
2026-09-27,SP600,NMIH,wikipedia
2026-09-27,SP600,NOG,wikipedia
2026-09-27,SP600,NPK,wikipedia
2026-09-27,SP600,NPO,wikipedia
2026-09-27,SP600,NSIT,wikipedia
2026-09-27,SP600,NSP,wikipedia
2026-09-27,SP600,NSSC,wikipedia
2026-09-27,SP600,NTCT,wikipedia
2026-09-27,SP600,NTST,wikipedia
2026-09-27,SP600,NWBI,wikipedia
2026-09-27,SP600,NWL,wikipedia
2026-09-27,SP600,NWN,wikipedia
2026-09-27,SP600,NX,wikipedia
2026-09-27,SP600,NXRT,wikipedia
2026-09-27,SP600,OFG,wikipedia
2026-09-27,SP600,OGN,wikipedia
2026-09-27,SP600,OI,wikipedia
2026-09-27,SP600,OII,wikipedia
2026-09-27,SP600,OMCL,wikipedia
2026-09-27,SP600,OPLN,wikipedia
2026-09-27,SP600,OSIS,wikipedia
2026-09-27,SP600,OSW,wikipedia
2026-09-27,SP600,OTTR,wikipedia
2026-09-27,SP600,OUT,wikipedia
2026-09-27,SP600,PAHC,wikipedia
2026-09-27,SP600,PARR,wikipedia
2026-09-27,SP600,PATK,wikipedia
2026-09-27,SP600,PAYC,wikipedia
2026-09-27,SP600,PAYO,wikipedia
2026-09-27,SP600,PBH,wikipedia
2026-09-27,SP600,PBI,wikipedia
2026-09-27,SP600,PCRX,wikipedia
2026-09-27,SP600,PDFS,wikipedia
2026-09-27,SP600,PEB,wikipedia
2026-09-27,SP600,PECO,wikipedia
2026-09-27,SP600,PENG,wikipedia
2026-09-27,SP600,PENN,wikipedia
2026-09-27,SP600,PFBC,wikipedia
2026-09-27,SP600,PFS,wikipedia
2026-09-27,SP600,PGNY,wikipedia
2026-09-27,SP600,PHIN,wikipedia
2026-09-27,SP600,PI,wikipedia
2026-09-27,SP600,PIPR,wikipedia
2026-09-27,SP600,PJT,wikipedia
2026-09-27,SP600,PLAB,wikipedia
2026-09-27,SP600,PLMR,wikipedia
2026-09-27,SP600,PLUS,wikipedia
2026-09-27,SP600,PLXS,wikipedia
2026-09-27,SP600,PMT,wikipedia
2026-09-27,SP600,POOL,wikipedia
2026-09-27,SP600,POWI,wikipedia
2026-09-27,SP600,POWL,wikipedia
2026-09-27,SP600,PPLI,wikipedia
2026-09-27,SP600,PRDO,wikipedia
2026-09-27,SP600,PRG,wikipedia
2026-09-27,SP600,PRGO,wikipedia
2026-09-27,SP600,PRGS,wikipedia
2026-09-27,SP600,PRIM,wikipedia
2026-09-27,SP600,PRK,wikipedia
2026-09-27,SP600,PRKS,wikipedia
2026-09-27,SP600,PRLB,wikipedia
2026-09-27,SP600,PRSU,wikipedia
2026-09-27,SP600,PRVA,wikipedia
2026-09-27,SP600,PSMT,wikipedia
2026-09-27,SP600,PTCT,wikipedia
2026-09-27,SP600,PTEN,wikipedia
2026-09-27,SP600,PTGX,wikipedia
2026-09-27,SP600,PTON,wikipedia
2026-09-27,SP600,PZZA,wikipedia
2026-09-27,SP600,QDEL,wikipedia
2026-09-27,SP600,QNST,wikipedia
2026-09-27,SP600,QRVO,wikipedia
2026-09-27,SP600,QTWO,wikipedia
2026-09-27,SP600,RAL,wikipedia
2026-09-27,SP600,RAMP,wikipedia
2026-09-27,SP600,RCUS,wikipedia
2026-09-27,SP600,RDN,wikipedia
2026-09-27,SP600,RDNT,wikipedia
2026-09-27,SP600,RELY,wikipedia
2026-09-27,SP600,RES,wikipedia
2026-09-27,SP600,REX,wikipedia
2026-09-27,SP600,REYN,wikipedia
2026-09-27,SP600,REZI,wikipedia
2026-09-27,SP600,RHI,wikipedia
2026-09-27,SP600,RHP,wikipedia
2026-09-27,SP600,RITM,wikipedia
2026-09-27,SP600,RNG,wikipedia
2026-09-27,SP600,RNST,wikipedia
2026-09-27,SP600,ROAD,wikipedia
2026-09-27,SP600,ROCK,wikipedia
2026-09-27,SP600,ROG,wikipedia
2026-09-27,SP600,RRR,wikipedia
2026-09-27,SP600,RSI,wikipedia
2026-09-27,SP600,RUN,wikipedia
2026-09-27,SP600,RUSHA,wikipedia
2026-09-27,SP600,RXO,wikipedia
2026-09-27,SP600,SABR,wikipedia
2026-09-27,SP600,SAFE,wikipedia
2026-09-27,SP600,SAFT,wikipedia
2026-09-27,SP600,SAH,wikipedia
2026-09-27,SP600,SBCF,wikipedia
2026-09-27,SP600,SBH,wikipedia
2026-09-27,SP600,SBSI,wikipedia
2026-09-27,SP600,SCHL,wikipedia
2026-09-27,SP600,SCL,wikipedia
2026-09-27,SP600,SCSC,wikipedia
2026-09-27,SP600,SDGR,wikipedia
2026-09-27,SP600,SEDG,wikipedia
2026-09-27,SP600,SEI,wikipedia
2026-09-27,SP600,SEZL,wikipedia
2026-09-27,SP600,SFBS,wikipedia
2026-09-27,SP600,SFNC,wikipedia
2026-09-27,SP600,SHAK,wikipedia
2026-09-27,SP600,SHEN,wikipedia
2026-09-27,SP600,SHO,wikipedia
2026-09-27,SP600,SHOO,wikipedia
2026-09-27,SP600,SIG,wikipedia
2026-09-27,SP600,SKT,wikipedia
2026-09-27,SP600,SKY,wikipedia
2026-09-27,SP600,SKYW,wikipedia
2026-09-27,SP600,SLG,wikipedia
2026-09-27,SP600,SLVM,wikipedia
2026-09-27,SP600,SM,wikipedia
2026-09-27,SP600,SMP,wikipedia
2026-09-27,SP600,SMPL,wikipedia
2026-09-27,SP600,SNDR,wikipedia
2026-09-27,SP600,SNEX,wikipedia
2026-09-27,SP600,SONO,wikipedia
2026-09-27,SP600,SPHR,wikipedia
2026-09-27,SP600,SPNT,wikipedia
2026-09-27,SP600,SPSC,wikipedia
2026-09-27,SP600,SRPT,wikipedia
2026-09-27,SP600,STAA,wikipedia
2026-09-27,SP600,STBA,wikipedia
2026-09-27,SP600,STC,wikipedia
2026-09-27,SP600,STEP,wikipedia
2026-09-27,SP600,STRA,wikipedia
2026-09-27,SP600,SUPN,wikipedia
2026-09-27,SP600,SXI,wikipedia
2026-09-27,SP600,SXT,wikipedia
2026-09-27,SP600,TALO,wikipedia
2026-09-27,SP600,TBBK,wikipedia
2026-09-27,SP600,TDC,wikipedia
2026-09-27,SP600,TDS,wikipedia
2026-09-27,SP600,TDW,wikipedia
2026-09-27,SP600,TFIN,wikipedia
2026-09-27,SP600,TFX,wikipedia
2026-09-27,SP600,TGTX,wikipedia
2026-09-27,SP600,THRM,wikipedia
2026-09-27,SP600,TILE,wikipedia
2026-09-27,SP600,TMDX,wikipedia
2026-09-27,SP600,TMP,wikipedia
2026-09-27,SP600,TNC,wikipedia
2026-09-27,SP600,TNDM,wikipedia
2026-09-27,SP600,TPC,wikipedia
2026-09-27,SP600,TR,wikipedia
2026-09-27,SP600,TRIP,wikipedia
2026-09-27,SP600,TRMK,wikipedia
2026-09-27,SP600,TRN,wikipedia
2026-09-27,SP600,TRNO,wikipedia
2026-09-27,SP600,TRST,wikipedia
2026-09-27,SP600,TRUP,wikipedia
2026-09-27,SP600,UA,wikipedia
2026-09-27,SP600,UAA,wikipedia
2026-09-27,SP600,UCB,wikipedia
2026-09-27,SP600,UCTT,wikipedia
2026-09-27,SP600,UE,wikipedia
2026-09-27,SP600,UFCS,wikipedia
2026-09-27,SP600,UFPT,wikipedia
2026-09-27,SP600,UNF,wikipedia
2026-09-27,SP600,UNFI,wikipedia
2026-09-27,SP600,UNIT,wikipedia
2026-09-27,SP600,UPBD,wikipedia
2026-09-27,SP600,UPWK,wikipedia
2026-09-27,SP600,URBN,wikipedia
2026-09-27,SP600,USLM,wikipedia
2026-09-27,SP600,USPH,wikipedia
2026-09-27,SP600,UTI,wikipedia
2026-09-27,SP600,UTL,wikipedia
2026-09-27,SP600,UVV,wikipedia
2026-09-27,SP600,VAC,wikipedia
2026-09-27,SP600,VCEL,wikipedia
2026-09-27,SP600,VCTR,wikipedia
2026-09-27,SP600,VCYT,wikipedia
2026-09-27,SP600,VECO,wikipedia
2026-09-27,SP600,VGNT,wikipedia
2026-09-27,SP600,VIR,wikipedia
2026-09-27,SP600,VIRT,wikipedia
2026-09-27,SP600,VRRM,wikipedia
2026-09-27,SP600,VRTS,wikipedia
2026-09-27,SP600,VSAT,wikipedia
2026-09-27,SP600,VSEC,wikipedia
2026-09-27,SP600,VSH,wikipedia
2026-09-27,SP600,VSNT,wikipedia
2026-09-27,SP600,VSTS,wikipedia
2026-09-27,SP600,VSXY,wikipedia
2026-09-27,SP600,VTOL,wikipedia
2026-09-27,SP600,VVX,wikipedia
2026-09-27,SP600,VYX,wikipedia
2026-09-27,SP600,WABC,wikipedia
2026-09-27,SP600,WAFD,wikipedia
2026-09-27,SP600,WAY,wikipedia
2026-09-27,SP600,WD,wikipedia
2026-09-27,SP600,WDFC,wikipedia
2026-09-27,SP600,WEN,wikipedia
2026-09-27,SP600,WERN,wikipedia
2026-09-27,SP600,WGO,wikipedia
2026-09-27,SP600,WHD,wikipedia
2026-09-27,SP600,WINA,wikipedia
2026-09-27,SP600,WKC,wikipedia
2026-09-27,SP600,WLY,wikipedia
2026-09-27,SP600,WOR,wikipedia
2026-09-27,SP600,WRBY,wikipedia
2026-09-27,SP600,WRLD,wikipedia
2026-09-27,SP600,WS,wikipedia
2026-09-27,SP600,WSBC,wikipedia
2026-09-27,SP600,WSC,wikipedia
2026-09-27,SP600,WSFS,wikipedia
2026-09-27,SP600,WT,wikipedia
2026-09-27,SP600,WU,wikipedia
2026-09-27,SP600,WWW,wikipedia
2026-09-27,SP600,XHR,wikipedia
2026-09-27,SP600,XNCR,wikipedia
2026-09-27,SP600,XPEL,wikipedia
2026-09-27,SP600,YELP,wikipedia
2026-09-27,SP600,YOU,wikipedia
2026-09-27,SP600,ZD,wikipedia
2026-09-27,SP600,ZWS,wikipedia
