year,symbol,before,factor,reason,updated_at
2005,IEF,2006-01-01,1.00138589403,splice onto alpaca anchor at 2016-01-01 (run alpaca_20160101_20260928_f0ebd2b452),2026-09-28T02:58:55Z
2005,LQD,2006-01-01,1.00261979479,splice onto alpaca anchor at 2016-01-01 (run alpaca_20160101_20260928_f0ebd2b452),2026-09-28T02:58:55Z
2005,QQQ,2006-01-01,0.996772691054,splice onto alpaca anchor at 2016-01-01 (run alpaca_20160101_20260928_f0ebd2b452),2026-09-28T02:58:55Z
2005,SPY,2006-01-01,1.0096183107,splice onto alpaca anchor at 2016-01-01 (run alpaca_20160101_20260928_f0ebd2b452),2026-09-28T02:58:55Z
2005,TIP,2006-01-01,1.00395226182,splice onto alpaca anchor at 2016-01-01 (run alpaca_20160101_20260928_f0ebd2b452),2026-09-28T02:58:55Z
2005,TLT,2006-01-01,1.00186956849,splice onto alpaca anchor at 2016-01-01 (run alpaca_20160101_20260928_f0ebd2b452),2026-09-28T02:58:55Z
2005,VGK,2006-01-01,1.00635710195,splice onto alpaca anchor at 2016-01-01 (run alpaca_20160101_20260928_f0ebd2b452),2026-09-28T02:58:55Z
2005,VNQ,2006-01-01,0.991634855554,splice onto alpaca anchor at 2016-01-01 (run alpaca_20160101_20260928_f0ebd2b452),2026-09-28T02:58:55Z
2005,XLB,2006-01-01,0.998906360178,splice onto alpaca anchor at 2016-01-01 (run alpaca_20160101_20260928_f0ebd2b452),2026-09-28T02:58:55Z
2005,XLE,2006-01-01,1.00119313699,splice onto alpaca anchor at 2016-01-01 (run alpaca_20160101_20260928_f0ebd2b452),2026-09-28T02:58:55Z
2005,XLF,2006-01-01,1.19282747962,splice onto alpaca anchor at 2016-01-01 (run alpaca_20160101_20260928_f0ebd2b452),2026-09-28T02:58:55Z
2005,XLI,2006-01-01,1.0024921044,splice onto alpaca anchor at 2016-01-01 (run alpaca_20160101_20260928_f0ebd2b452),2026-09-28T02:58:55Z
2005,XLK,2006-01-01,1.00393040991,splice onto alpaca anchor at 2016-01-01 (run alpaca_20160101_20260928_f0ebd2b452),2026-09-28T02:58:55Z
2005,XLP,2006-01-01,0.998595023222,splice onto alpaca anchor at 2016-01-01 (run alpaca_20160101_20260928_f0ebd2b452),2026-09-28T02:58:55Z
2005,XLY,2006-01-01,1.00193511083,splice onto alpaca anchor at 2016-01-01 (run alpaca_20160101_20260928_f0ebd2b452),2026-09-28T02:58:55Z
2006,IEF,2007-01-01,1.00138589403,splice onto alpaca anchor at 2016-01-01 (run alpaca_20160101_20260928_f0ebd2b452),2026-09-28T02:58:55Z
2006,LQD,2007-01-01,1.00261979479,splice onto alpaca anchor at 2016-01-01 (run alpaca_20160101_20260928_f0ebd2b452),2026-09-28T02:58:55Z
2006,QQQ,2007-01-01,0.996772691054,splice onto alpaca anchor at 2016-01-01 (run alpaca_20160101_20260928_f0ebd2b452),2026-09-28T02:58:55Z
2006,SPY,2007-01-01,1.0096183107,splice onto alpaca anchor at 2016-01-01 (run alpaca_20160101_20260928_f0ebd2b452),2026-09-28T02:58:55Z
2006,TIP,2007-01-01,1.00395226182,splice onto alpaca anchor at 2016-01-01 (run alpaca_20160101_20260928_f0ebd2b452),2026-09-28T02:58:55Z
2006,TLT,2007-01-01,1.00186956849,splice onto alpaca anchor at 2016-01-01 (run alpaca_20160101_20260928_f0ebd2b452),2026-09-28T02:58:55Z
2006,VGK,2007-01-01,1.00635710195,splice onto alpaca anchor at 2016-01-01 (run alpaca_20160101_20260928_f0ebd2b452),2026-09-28T02:58:55Z
2006,VNQ,2007-01-01,0.991634855554,splice onto alpaca anchor at 2016-01-01 (run alpaca_20160101_20260928_f0ebd2b452),2026-09-28T02:58:55Z
2006,XLB,2007-01-01,0.998906360178,splice onto alpaca anchor at 2016-01-01 (run alpaca_20160101_20260928_f0ebd2b452),2026-09-28T02:58:55Z
2006,XLE,2007-01-01,1.00119313699,splice onto alpaca anchor at 2016-01-01 (run alpaca_20160101_20260928_f0ebd2b452),2026-09-28T02:58:55Z
2006,XLF,2007-01-01,1.19282747962,splice onto alpaca anchor at 2016-01-01 (run alpaca_20160101_20260928_f0ebd2b452),2026-09-28T02:58:55Z
2006,XLI,2007-01-01,1.0024921044,splice onto alpaca anchor at 2016-01-01 (run alpaca_20160101_20260928_f0ebd2b452),2026-09-28T02:58:55Z
2006,XLK,2007-01-01,1.00393040991,splice onto alpaca anchor at 2016-01-01 (run alpaca_20160101_20260928_f0ebd2b452),2026-09-28T02:58:55Z
2006,XLP,2007-01-01,0.998595023222,splice onto alpaca anchor at 2016-01-01 (run alpaca_20160101_20260928_f0ebd2b452),2026-09-28T02:58:55Z
2006,XLY,2007-01-01,1.00193511083,splice onto alpaca anchor at 2016-01-01 (run alpaca_20160101_20260928_f0ebd2b452),2026-09-28T02:58:55Z
2007,DBA,2008-01-01,0.989388709994,splice onto alpaca anchor at 2016-01-01 (run alpaca_20160101_20260928_f0ebd2b452),2026-09-28T02:58:55Z
2007,DBB,2008-01-01,0.984449147639,splice onto alpaca anchor at 2016-01-01 (run alpaca_20160101_20260928_f0ebd2b452),2026-09-28T02:58:55Z
2007,HYG,2008-01-01,1.00451369304,splice onto alpaca anchor at 2016-01-01 (run alpaca_20160101_20260928_f0ebd2b452),2026-09-28T02:58:55Z
2007,IEF,2008-01-01,1.00138589403,splice onto alpaca anchor at 2016-01-01 (run alpaca_20160101_20260928_f0ebd2b452),2026-09-28T02:58:55Z
2007,LQD,2008-01-01,1.00261979479,splice onto alpaca anchor at 2016-01-01 (run alpaca_20160101_20260928_f0ebd2b452),2026-09-28T02:58:55Z
2007,QQQ,2008-01-01,0.996772691054,splice onto alpaca anchor at 2016-01-01 (run alpaca_20160101_20260928_f0ebd2b452),2026-09-28T02:58:55Z
2007,SPY,2008-01-01,1.0096183107,splice onto alpaca anchor at 2016-01-01 (run alpaca_20160101_20260928_f0ebd2b452),2026-09-28T02:58:55Z
2007,TIP,2008-01-01,1.00395226182,splice onto alpaca anchor at 2016-01-01 (run alpaca_20160101_20260928_f0ebd2b452),2026-09-28T02:58:55Z
2007,TLT,2008-01-01,1.00186956849,splice onto alpaca anchor at 2016-01-01 (run alpaca_20160101_20260928_f0ebd2b452),2026-09-28T02:58:55Z
2007,VGK,2008-01-01,1.00635710195,splice onto alpaca anchor at 2016-01-01 (run alpaca_20160101_20260928_f0ebd2b452),2026-09-28T02:58:55Z
2007,VNQ,2008-01-01,0.991634855554,splice onto alpaca anchor at 2016-01-01 (run alpaca_20160101_20260928_f0ebd2b452),2026-09-28T02:58:55Z
2007,XLB,2008-01-01,0.998906360178,splice onto alpaca anchor at 2016-01-01 (run alpaca_20160101_20260928_f0ebd2b452),2026-09-28T02:58:55Z
2007,XLE,2008-01-01,1.00119313699,splice onto alpaca anchor at 2016-01-01 (run alpaca_20160101_20260928_f0ebd2b452),2026-09-28T02:58:55Z
2007,XLF,2008-01-01,1.19282747962,splice onto alpaca anchor at 2016-01-01 (run alpaca_20160101_20260928_f0ebd2b452),2026-09-28T02:58:55Z
2007,XLI,2008-01-01,1.0024921044,splice onto alpaca anchor at 2016-01-01 (run alpaca_20160101_20260928_f0ebd2b452),2026-09-28T02:58:55Z
2007,XLK,2008-01-01,1.00393040991,splice onto alpaca anchor at 2016-01-01 (run alpaca_20160101_20260928_f0ebd2b452),2026-09-28T02:58:55Z
2007,XLP,2008-01-01,0.998595023222,splice onto alpaca anchor at 2016-01-01 (run alpaca_20160101_20260928_f0ebd2b452),2026-09-28T02:58:55Z
2007,XLY,2008-01-01,1.00193511083,splice onto alpaca anchor at 2016-01-01 (run alpaca_20160101_20260928_f0ebd2b452),2026-09-28T02:58:55Z
2008,DBA,2009-01-01,0.989388709994,splice onto alpaca anchor at 2016-01-01 (run alpaca_20160101_20260928_f0ebd2b452),2026-09-28T02:58:55Z
2008,DBB,2009-01-01,0.984449147639,splice onto alpaca anchor at 2016-01-01 (run alpaca_20160101_20260928_f0ebd2b452),2026-09-28T02:58:55Z
2008,HYG,2009-01-01,1.00451369304,splice onto alpaca anchor at 2016-01-01 (run alpaca_20160101_20260928_f0ebd2b452),2026-09-28T02:58:55Z
2008,IEF,2009-01-01,1.00138589403,splice onto alpaca anchor at 2016-01-01 (run alpaca_20160101_20260928_f0ebd2b452),2026-09-28T02:58:55Z
2008,LQD,2009-01-01,1.00261979479,splice onto alpaca anchor at 2016-01-01 (run alpaca_20160101_20260928_f0ebd2b452),2026-09-28T02:58:55Z
2008,QQQ,2009-01-01,0.996772691054,splice onto alpaca anchor at 2016-01-01 (run alpaca_20160101_20260928_f0ebd2b452),2026-09-28T02:58:55Z
2008,SPY,2009-01-01,1.0096183107,splice onto alpaca anchor at 2016-01-01 (run alpaca_20160101_20260928_f0ebd2b452),2026-09-28T02:58:55Z
2008,TIP,2009-01-01,1.00395226182,splice onto alpaca anchor at 2016-01-01 (run alpaca_20160101_20260928_f0ebd2b452),2026-09-28T02:58:55Z
2008,TLT,2009-01-01,1.00186956849,splice onto alpaca anchor at 2016-01-01 (run alpaca_20160101_20260928_f0ebd2b452),2026-09-28T02:58:55Z
2008,VGK,2009-01-01,1.00635710195,splice onto alpaca anchor at 2016-01-01 (run alpaca_20160101_20260928_f0ebd2b452),2026-09-28T02:58:55Z
2008,VNQ,2009-01-01,0.991634855554,splice onto alpaca anchor at 2016-01-01 (run alpaca_20160101_20260928_f0ebd2b452),2026-09-28T02:58:55Z
2008,XLB,2009-01-01,0.998906360178,splice onto alpaca anchor at 2016-01-01 (run alpaca_20160101_20260928_f0ebd2b452),2026-09-28T02:58:55Z
2008,XLE,2009-01-01,1.00119313699,splice onto alpaca anchor at 2016-01-01 (run alpaca_20160101_20260928_f0ebd2b452),2026-09-28T02:58:55Z
2008,XLF,2009-01-01,1.19282747962,splice onto alpaca anchor at 2016-01-01 (run alpaca_20160101_20260928_f0ebd2b452),2026-09-28T02:58:55Z
2008,XLI,2009-01-01,1.0024921044,splice onto alpaca anchor at 2016-01-01 (run alpaca_20160101_20260928_f0ebd2b452),2026-09-28T02:58:55Z
2008,XLK,2009-01-01,1.00393040991,splice onto alpaca anchor at 2016-01-01 (run alpaca_20160101_20260928_f0ebd2b452),2026-09-28T02:58:55Z
2008,XLP,2009-01-01,0.998595023222,splice onto alpaca anchor at 2016-01-01 (run alpaca_20160101_20260928_f0ebd2b452),2026-09-28T02:58:55Z
2008,XLY,2009-01-01,1.00193511083,splice onto alpaca anchor at 2016-01-01 (run alpaca_20160101_20260928_f0ebd2b452),2026-09-28T02:58:55Z
2009,DBA,2010-01-01,0.989388709994,splice onto alpaca anchor at 2016-01-01 (run alpaca_20160101_20260928_f0ebd2b452),2026-09-28T02:58:55Z
2009,DBB,2010-01-01,0.984449147639,splice onto alpaca anchor at 2016-01-01 (run alpaca_20160101_20260928_f0ebd2b452),2026-09-28T02:58:55Z
2009,HYG,2010-01-01,1.00451369304,splice onto alpaca anchor at 2016-01-01 (run alpaca_20160101_20260928_f0ebd2b452),2026-09-28T02:58:55Z
2009,IEF,2010-01-01,1.00138589403,splice onto alpaca anchor at 2016-01-01 (run alpaca_20160101_20260928_f0ebd2b452),2026-09-28T02:58:55Z
2009,LQD,2010-01-01,1.00261979479,splice onto alpaca anchor at 2016-01-01 (run alpaca_20160101_20260928_f0ebd2b452),2026-09-28T02:58:55Z
2009,QQQ,2010-01-01,0.996772691054,splice onto alpaca anchor at 2016-01-01 (run alpaca_20160101_20260928_f0ebd2b452),2026-09-28T02:58:55Z
2009,SPY,2010-01-01,1.0096183107,splice onto alpaca anchor at 2016-01-01 (run alpaca_20160101_20260928_f0ebd2b452),2026-09-28T02:58:55Z
2009,TIP,2010-01-01,1.00395226182,splice onto alpaca anchor at 2016-01-01 (run alpaca_20160101_20260928_f0ebd2b452),2026-09-28T02:58:55Z
2009,TLT,2010-01-01,1.00186956849,splice onto alpaca anchor at 2016-01-01 (run alpaca_20160101_20260928_f0ebd2b452),2026-09-28T02:58:55Z
2009,VGK,2010-01-01,1.00635710195,splice onto alpaca anchor at 2016-01-01 (run alpaca_20160101_20260928_f0ebd2b452),2026-09-28T02:58:55Z
2009,VNQ,2010-01-01,0.991634855554,splice onto alpaca anchor at 2016-01-01 (run alpaca_20160101_20260928_f0ebd2b452),2026-09-28T02:58:55Z
2009,XLB,2010-01-01,0.998906360178,splice onto alpaca anchor at 2016-01-01 (run alpaca_20160101_20260928_f0ebd2b452),2026-09-28T02:58:55Z
2009,XLE,2010-01-01,1.00119313699,splice onto alpaca anchor at 2016-01-01 (run alpaca_20160101_20260928_f0ebd2b452),2026-09-28T02:58:55Z
2009,XLF,2010-01-01,1.19282747962,splice onto alpaca anchor at 2016-01-01 (run alpaca_20160101_20260928_f0ebd2b452),2026-09-28T02:58:55Z
2009,XLI,2010-01-01,1.0024921044,splice onto alpaca anchor at 2016-01-01 (run alpaca_20160101_20260928_f0ebd2b452),2026-09-28T02:58:55Z
2009,XLK,2010-01-01,1.00393040991,splice onto alpaca anchor at 2016-01-01 (run alpaca_20160101_20260928_f0ebd2b452),2026-09-28T02:58:55Z
2009,XLP,2010-01-01,0.998595023222,splice onto alpaca anchor at 2016-01-01 (run alpaca_20160101_20260928_f0ebd2b452),2026-09-28T02:58:55Z
2009,XLY,2010-01-01,1.00193511083,splice onto alpaca anchor at 2016-01-01 (run alpaca_20160101_20260928_f0ebd2b452),2026-09-28T02:58:55Z
2010,DBA,2011-01-01,0.989388709994,splice onto alpaca anchor at 2016-01-01 (run alpaca_20160101_20260928_f0ebd2b452),2026-09-28T02:58:55Z
2010,DBB,2011-01-01,0.984449147639,splice onto alpaca anchor at 2016-01-01 (run alpaca_20160101_20260928_f0ebd2b452),2026-09-28T02:58:55Z
2010,HYG,2011-01-01,1.00451369304,splice onto alpaca anchor at 2016-01-01 (run alpaca_20160101_20260928_f0ebd2b452),2026-09-28T02:58:55Z
2010,IEF,2011-01-01,1.00138589403,splice onto alpaca anchor at 2016-01-01 (run alpaca_20160101_20260928_f0ebd2b452),2026-09-28T02:58:55Z
2010,LQD,2011-01-01,1.00261979479,splice onto alpaca anchor at 2016-01-01 (run alpaca_20160101_20260928_f0ebd2b452),2026-09-28T02:58:55Z
2010,QQQ,2011-01-01,0.996772691054,splice onto alpaca anchor at 2016-01-01 (run alpaca_20160101_20260928_f0ebd2b452),2026-09-28T02:58:55Z
2010,SPY,2011-01-01,1.0096183107,splice onto alpaca anchor at 2016-01-01 (run alpaca_20160101_20260928_f0ebd2b452),2026-09-28T02:58:55Z
2010,TIP,2011-01-01,1.00395226182,splice onto alpaca anchor at 2016-01-01 (run alpaca_20160101_20260928_f0ebd2b452),2026-09-28T02:58:55Z
2010,TLT,2011-01-01,1.00186956849,splice onto alpaca anchor at 2016-01-01 (run alpaca_20160101_20260928_f0ebd2b452),2026-09-28T02:58:55Z
2010,VGK,2011-01-01,1.00635710195,splice onto alpaca anchor at 2016-01-01 (run alpaca_20160101_20260928_f0ebd2b452),2026-09-28T02:58:55Z
2010,VNQ,2011-01-01,0.991634855554,splice onto alpaca anchor at 2016-01-01 (run alpaca_20160101_20260928_f0ebd2b452),2026-09-28T02:58:55Z
2010,XLB,2011-01-01,0.998906360178,splice onto alpaca anchor at 2016-01-01 (run alpaca_20160101_20260928_f0ebd2b452),2026-09-28T02:58:55Z
2010,XLE,2011-01-01,1.00119313699,splice onto alpaca anchor at 2016-01-01 (run alpaca_20160101_20260928_f0ebd2b452),2026-09-28T02:58:55Z
2010,XLF,2011-01-01,1.19282747962,splice onto alpaca anchor at 2016-01-01 (run alpaca_20160101_20260928_f0ebd2b452),2026-09-28T02:58:55Z
2010,XLI,2011-01-01,1.0024921044,splice onto alpaca anchor at 2016-01-01 (run alpaca_20160101_20260928_f0ebd2b452),2026-09-28T02:58:55Z
2010,XLK,2011-01-01,1.00393040991,splice onto alpaca anchor at 2016-01-01 (run alpaca_20160101_20260928_f0ebd2b452),2026-09-28T02:58:55Z
2010,XLP,2011-01-01,0.998595023222,splice onto alpaca anchor at 2016-01-01 (run alpaca_20160101_20260928_f0ebd2b452),2026-09-28T02:58:55Z
2010,XLY,2011-01-01,1.00193511083,splice onto alpaca anchor at 2016-01-01 (run alpaca_20160101_20260928_f0ebd2b452),2026-09-28T02:58:55Z
2011,DBA,2012-01-01,0.989388709994,splice onto alpaca anchor at 2016-01-01 (run alpaca_20160101_20260928_f0ebd2b452),2026-09-28T02:58:55Z
2011,DBB,2012-01-01,0.984449147639,splice onto alpaca anchor at 2016-01-01 (run alpaca_20160101_20260928_f0ebd2b452),2026-09-28T02:58:55Z
2011,HYG,2012-01-01,1.00451369304,splice onto alpaca anchor at 2016-01-01 (run alpaca_20160101_20260928_f0ebd2b452),2026-09-28T02:58:55Z
2011,IEF,2012-01-01,1.00138589403,splice onto alpaca anchor at 2016-01-01 (run alpaca_20160101_20260928_f0ebd2b452),2026-09-28T02:58:55Z
2011,LQD,2012-01-01,1.00261979479,splice onto alpaca anchor at 2016-01-01 (run alpaca_20160101_20260928_f0ebd2b452),2026-09-28T02:58:55Z
2011,QQQ,2012-01-01,0.996772691054,splice onto alpaca anchor at 2016-01-01 (run alpaca_20160101_20260928_f0ebd2b452),2026-09-28T02:58:55Z
2011,SPY,2012-01-01,1.0096183107,splice onto alpaca anchor at 2016-01-01 (run alpaca_20160101_20260928_f0ebd2b452),2026-09-28T02:58:55Z
2011,TIP,2012-01-01,1.00395226182,splice onto alpaca anchor at 2016-01-01 (run alpaca_20160101_20260928_f0ebd2b452),2026-09-28T02:58:55Z
2011,TLT,2012-01-01,1.00186956849,splice onto alpaca anchor at 2016-01-01 (run alpaca_20160101_20260928_f0ebd2b452),2026-09-28T02:58:55Z
2011,VGK,2012-01-01,1.00635710195,splice onto alpaca anchor at 2016-01-01 (run alpaca_20160101_20260928_f0ebd2b452),2026-09-28T02:58:55Z
2011,VNQ,2012-01-01,0.991634855554,splice onto alpaca anchor at 2016-01-01 (run alpaca_20160101_20260928_f0ebd2b452),2026-09-28T02:58:55Z
2011,XLB,2012-01-01,0.998906360178,splice onto alpaca anchor at 2016-01-01 (run alpaca_20160101_20260928_f0ebd2b452),2026-09-28T02:58:55Z
2011,XLE,2012-01-01,1.00119313699,splice onto alpaca anchor at 2016-01-01 (run alpaca_20160101_20260928_f0ebd2b452),2026-09-28T02:58:55Z
2011,XLF,2012-01-01,1.19282747962,splice onto alpaca anchor at 2016-01-01 (run alpaca_20160101_20260928_f0ebd2b452),2026-09-28T02:58:55Z
2011,XLI,2012-01-01,1.0024921044,splice onto alpaca anchor at 2016-01-01 (run alpaca_20160101_20260928_f0ebd2b452),2026-09-28T02:58:55Z
2011,XLK,2012-01-01,1.00393040991,splice onto alpaca anchor at 2016-01-01 (run alpaca_20160101_20260928_f0ebd2b452),2026-09-28T02:58:55Z
2011,XLP,2012-01-01,0.998595023222,splice onto alpaca anchor at 2016-01-01 (run alpaca_20160101_20260928_f0ebd2b452),2026-09-28T02:58:55Z
2011,XLY,2012-01-01,1.00193511083,splice onto alpaca anchor at 2016-01-01 (run alpaca_20160101_20260928_f0ebd2b452),2026-09-28T02:58:55Z
2012,DBA,2013-01-01,0.989388709994,splice onto alpaca anchor at 2016-01-01 (run alpaca_20160101_20260928_f0ebd2b452),2026-09-28T02:58:55Z
2012,DBB,2013-01-01,0.984449147639,splice onto alpaca anchor at 2016-01-01 (run alpaca_20160101_20260928_f0ebd2b452),2026-09-28T02:58:55Z
2012,HYG,2013-01-01,1.00451369304,splice onto alpaca anchor at 2016-01-01 (run alpaca_20160101_20260928_f0ebd2b452),2026-09-28T02:58:55Z
2012,IEF,2013-01-01,1.00138589403,splice onto alpaca anchor at 2016-01-01 (run alpaca_20160101_20260928_f0ebd2b452),2026-09-28T02:58:55Z
2012,LQD,2013-01-01,1.00261979479,splice onto alpaca anchor at 2016-01-01 (run alpaca_20160101_20260928_f0ebd2b452),2026-09-28T02:58:55Z
2012,QQQ,2013-01-01,0.996772691054,splice onto alpaca anchor at 2016-01-01 (run alpaca_20160101_20260928_f0ebd2b452),2026-09-28T02:58:55Z
2012,SPY,2013-01-01,1.0096183107,splice onto alpaca anchor at 2016-01-01 (run alpaca_20160101_20260928_f0ebd2b452),2026-09-28T02:58:55Z
2012,TIP,2013-01-01,1.00395226182,splice onto alpaca anchor at 2016-01-01 (run alpaca_20160101_20260928_f0ebd2b452),2026-09-28T02:58:55Z
2012,TLT,2013-01-01,1.00186956849,splice onto alpaca anchor at 2016-01-01 (run alpaca_20160101_20260928_f0ebd2b452),2026-09-28T02:58:55Z
2012,VGK,2013-01-01,1.00635710195,splice onto alpaca anchor at 2016-01-01 (run alpaca_20160101_20260928_f0ebd2b452),2026-09-28T02:58:55Z
2012,VNQ,2013-01-01,0.991634855554,splice onto alpaca anchor at 2016-01-01 (run alpaca_20160101_20260928_f0ebd2b452),2026-09-28T02:58:55Z
2012,XLB,2013-01-01,0.998906360178,splice onto alpaca anchor at 2016-01-01 (run alpaca_20160101_20260928_f0ebd2b452),2026-09-28T02:58:55Z
2012,XLE,2013-01-01,1.00119313699,splice onto alpaca anchor at 2016-01-01 (run alpaca_20160101_20260928_f0ebd2b452),2026-09-28T02:58:55Z
2012,XLF,2013-01-01,1.19282747962,splice onto alpaca anchor at 2016-01-01 (run alpaca_20160101_20260928_f0ebd2b452),2026-09-28T02:58:55Z
2012,XLI,2013-01-01,1.0024921044,splice onto alpaca anchor at 2016-01-01 (run alpaca_20160101_20260928_f0ebd2b452),2026-09-28T02:58:55Z
2012,XLK,2013-01-01,1.00393040991,splice onto alpaca anchor at 2016-01-01 (run alpaca_20160101_20260928_f0ebd2b452),2026-09-28T02:58:55Z
2012,XLP,2013-01-01,0.998595023222,splice onto alpaca anchor at 2016-01-01 (run alpaca_20160101_20260928_f0ebd2b452),2026-09-28T02:58:55Z
2012,XLY,2013-01-01,1.00193511083,splice onto alpaca anchor at 2016-01-01 (run alpaca_20160101_20260928_f0ebd2b452),2026-09-28T02:58:55Z
2013,DBA,2014-01-01,0.989388709994,splice onto alpaca anchor at 2016-01-01 (run alpaca_20160101_20260928_f0ebd2b452),2026-09-28T02:58:55Z
2013,DBB,2014-01-01,0.984449147639,splice onto alpaca anchor at 2016-01-01 (run alpaca_20160101_20260928_f0ebd2b452),2026-09-28T02:58:55Z
2013,HYG,2014-01-01,1.00451369304,splice onto alpaca anchor at 2016-01-01 (run alpaca_20160101_20260928_f0ebd2b452),2026-09-28T02:58:55Z
2013,IEF,2014-01-01,1.00138589403,splice onto alpaca anchor at 2016-01-01 (run alpaca_20160101_20260928_f0ebd2b452),2026-09-28T02:58:55Z
2013,LQD,2014-01-01,1.00261979479,splice onto alpaca anchor at 2016-01-01 (run alpaca_20160101_20260928_f0ebd2b452),2026-09-28T02:58:55Z
2013,QQQ,2014-01-01,0.996772691054,splice onto alpaca anchor at 2016-01-01 (run alpaca_20160101_20260928_f0ebd2b452),2026-09-28T02:58:55Z
2013,SPY,2014-01-01,1.0096183107,splice onto alpaca anchor at 2016-01-01 (run alpaca_20160101_20260928_f0ebd2b452),2026-09-28T02:58:55Z
2013,TIP,2014-01-01,1.00395226182,splice onto alpaca anchor at 2016-01-01 (run alpaca_20160101_20260928_f0ebd2b452),2026-09-28T02:58:55Z
2013,TLT,2014-01-01,1.00186956849,splice onto alpaca anchor at 2016-01-01 (run alpaca_20160101_20260928_f0ebd2b452),2026-09-28T02:58:55Z
2013,VGK,2014-01-01,1.00635710195,splice onto alpaca anchor at 2016-01-01 (run alpaca_20160101_20260928_f0ebd2b452),2026-09-28T02:58:55Z
2013,VNQ,2014-01-01,0.991634855554,splice onto alpaca anchor at 2016-01-01 (run alpaca_20160101_20260928_f0ebd2b452),2026-09-28T02:58:55Z
2013,XLB,2014-01-01,0.998906360178,splice onto alpaca anchor at 2016-01-01 (run alpaca_20160101_20260928_f0ebd2b452),2026-09-28T02:58:55Z
2013,XLE,2014-01-01,1.00119313699,splice onto alpaca anchor at 2016-01-01 (run alpaca_20160101_20260928_f0ebd2b452),2026-09-28T02:58:55Z
2013,XLF,2014-01-01,1.19282747962,splice onto alpaca anchor at 2016-01-01 (run alpaca_20160101_20260928_f0ebd2b452),2026-09-28T02:58:55Z
2013,XLI,2014-01-01,1.0024921044,splice onto alpaca anchor at 2016-01-01 (run alpaca_20160101_20260928_f0ebd2b452),2026-09-28T02:58:55Z
2013,XLK,2014-01-01,1.00393040991,splice onto alpaca anchor at 2016-01-01 (run alpaca_20160101_20260928_f0ebd2b452),2026-09-28T02:58:55Z
2013,XLP,2014-01-01,0.998595023222,splice onto alpaca anchor at 2016-01-01 (run alpaca_20160101_20260928_f0ebd2b452),2026-09-28T02:58:55Z
2013,XLY,2014-01-01,1.00193511083,splice onto alpaca anchor at 2016-01-01 (run alpaca_20160101_20260928_f0ebd2b452),2026-09-28T02:58:55Z
2014,DBA,2015-01-01,0.989388709994,splice onto alpaca anchor at 2016-01-01 (run alpaca_20160101_20260928_f0ebd2b452),2026-09-28T02:58:55Z
2014,DBB,2015-01-01,0.984449147639,splice onto alpaca anchor at 2016-01-01 (run alpaca_20160101_20260928_f0ebd2b452),2026-09-28T02:58:55Z
2014,HYG,2015-01-01,1.00451369304,splice onto alpaca anchor at 2016-01-01 (run alpaca_20160101_20260928_f0ebd2b452),2026-09-28T02:58:55Z
2014,IEF,2015-01-01,1.00138589403,splice onto alpaca anchor at 2016-01-01 (run alpaca_20160101_20260928_f0ebd2b452),2026-09-28T02:58:55Z
2014,LQD,2015-01-01,1.00261979479,splice onto alpaca anchor at 2016-01-01 (run alpaca_20160101_20260928_f0ebd2b452),2026-09-28T02:58:55Z
2014,QQQ,2015-01-01,0.996772691054,splice onto alpaca anchor at 2016-01-01 (run alpaca_20160101_20260928_f0ebd2b452),2026-09-28T02:58:55Z
2014,SPY,2015-01-01,1.0096183107,splice onto alpaca anchor at 2016-01-01 (run alpaca_20160101_20260928_f0ebd2b452),2026-09-28T02:58:55Z
2014,TIP,2015-01-01,1.00395226182,splice onto alpaca anchor at 2016-01-01 (run alpaca_20160101_20260928_f0ebd2b452),2026-09-28T02:58:55Z
2014,TLT,2015-01-01,1.00186956849,splice onto alpaca anchor at 2016-01-01 (run alpaca_20160101_20260928_f0ebd2b452),2026-09-28T02:58:55Z
2014,VGK,2015-01-01,1.00635710195,splice onto alpaca anchor at 2016-01-01 (run alpaca_20160101_20260928_f0ebd2b452),2026-09-28T02:58:55Z
2014,VNQ,2015-01-01,0.991634855554,splice onto alpaca anchor at 2016-01-01 (run alpaca_20160101_20260928_f0ebd2b452),2026-09-28T02:58:55Z
2014,XLB,2015-01-01,0.998906360178,splice onto alpaca anchor at 2016-01-01 (run alpaca_20160101_20260928_f0ebd2b452),2026-09-28T02:58:55Z
2014,XLE,2015-01-01,1.00119313699,splice onto alpaca anchor at 2016-01-01 (run alpaca_20160101_20260928_f0ebd2b452),2026-09-28T02:58:55Z
2014,XLF,2015-01-01,1.19282747962,splice onto alpaca anchor at 2016-01-01 (run alpaca_20160101_20260928_f0ebd2b452),2026-09-28T02:58:55Z
2014,XLI,2015-01-01,1.0024921044,splice onto alpaca anchor at 2016-01-01 (run alpaca_20160101_20260928_f0ebd2b452),2026-09-28T02:58:55Z
2014,XLK,2015-01-01,1.00393040991,splice onto alpaca anchor at 2016-01-01 (run alpaca_20160101_20260928_f0ebd2b452),2026-09-28T02:58:55Z
2014,XLP,2015-01-01,0.998595023222,splice onto alpaca anchor at 2016-01-01 (run alpaca_20160101_20260928_f0ebd2b452),2026-09-28T02:58:55Z
2014,XLY,2015-01-01,1.00193511083,splice onto alpaca anchor at 2016-01-01 (run alpaca_20160101_20260928_f0ebd2b452),2026-09-28T02:58:55Z
2015,DBA,2016-01-01,0.989388709994,splice onto alpaca anchor at 2016-01-01 (run alpaca_20160101_20260928_f0ebd2b452),2026-09-28T02:58:56Z
2015,DBB,2016-01-01,0.984449147639,splice onto alpaca anchor at 2016-01-01 (run alpaca_20160101_20260928_f0ebd2b452),2026-09-28T02:58:56Z
2015,HYG,2016-01-01,1.00451369304,splice onto alpaca anchor at 2016-01-01 (run alpaca_20160101_20260928_f0ebd2b452),2026-09-28T02:58:56Z
2015,IEF,2016-01-01,1.00138589403,splice onto alpaca anchor at 2016-01-01 (run alpaca_20160101_20260928_f0ebd2b452),2026-09-28T02:58:56Z
2015,LQD,2016-01-01,1.00261979479,splice onto alpaca anchor at 2016-01-01 (run alpaca_20160101_20260928_f0ebd2b452),2026-09-28T02:58:56Z
2015,QQQ,2016-01-01,0.996772691054,splice onto alpaca anchor at 2016-01-01 (run alpaca_20160101_20260928_f0ebd2b452),2026-09-28T02:58:56Z
2015,SPY,2016-01-01,1.0096183107,splice onto alpaca anchor at 2016-01-01 (run alpaca_20160101_20260928_f0ebd2b452),2026-09-28T02:58:56Z
2015,TIP,2016-01-01,1.00395226182,splice onto alpaca anchor at 2016-01-01 (run alpaca_20160101_20260928_f0ebd2b452),2026-09-28T02:58:56Z
2015,TLT,2016-01-01,1.00186956849,splice onto alpaca anchor at 2016-01-01 (run alpaca_20160101_20260928_f0ebd2b452),2026-09-28T02:58:56Z
2015,VGK,2016-01-01,1.00635710195,splice onto alpaca anchor at 2016-01-01 (run alpaca_20160101_20260928_f0ebd2b452),2026-09-28T02:58:56Z
2015,VNQ,2016-01-01,0.991634855554,splice onto alpaca anchor at 2016-01-01 (run alpaca_20160101_20260928_f0ebd2b452),2026-09-28T02:58:56Z
2015,XLB,2016-01-01,0.998906360178,splice onto alpaca anchor at 2016-01-01 (run alpaca_20160101_20260928_f0ebd2b452),2026-09-28T02:58:56Z
2015,XLE,2016-01-01,1.00119313699,splice onto alpaca anchor at 2016-01-01 (run alpaca_20160101_20260928_f0ebd2b452),2026-09-28T02:58:56Z
2015,XLF,2016-01-01,1.19282747962,splice onto alpaca anchor at 2016-01-01 (run alpaca_20160101_20260928_f0ebd2b452),2026-09-28T02:58:56Z
2015,XLI,2016-01-01,1.0024921044,splice onto alpaca anchor at 2016-01-01 (run alpaca_20160101_20260928_f0ebd2b452),2026-09-28T02:58:56Z
2015,XLK,2016-01-01,1.00393040991,splice onto alpaca anchor at 2016-01-01 (run alpaca_20160101_20260928_f0ebd2b452),2026-09-28T02:58:56Z
2015,XLP,2016-01-01,0.998595023222,splice onto alpaca anchor at 2016-01-01 (run alpaca_20160101_20260928_f0ebd2b452),2026-09-28T02:58:56Z
2015,XLRE,2016-01-01,1.00132499121,splice onto alpaca anchor at 2016-01-01 (run alpaca_20160101_20260928_f0ebd2b452),2026-09-28T02:58:56Z
2015,XLY,2016-01-01,1.00193511083,splice onto alpaca anchor at 2016-01-01 (run alpaca_20160101_20260928_f0ebd2b452),2026-09-28T02:58:56Z
2016,ABCB,2017-01-01,0.997545008183,re-anchor by alpaca,2026-09-30T07:05:04Z
2016,ADC,2017-01-01,0.996083727211,re-anchor by alpaca,2026-09-30T07:05:04Z
2016,AGNC,2017-01-01,0.98702502317,re-anchor by alpaca,2026-09-30T07:05:04Z
2016,AKR,2017-01-01,0.989642184557,re-anchor by alpaca,2026-09-30T07:05:04Z
2016,AMT,2017-01-01,0.989303914431,re-anchor by alpaca,2026-09-30T07:05:04Z
2016,APLE,2017-01-01,0.995198079232,re-anchor by alpaca,2026-09-30T07:05:12Z
2016,ARE,2017-01-01,0.985066162571,re-anchor by alpaca,2026-09-30T07:05:12Z
2016,BANF,2017-01-01,0.995139076425,re-anchor by alpaca,2026-09-30T07:05:12Z
2016,BEN,2017-01-01,0.990008564088,re-anchor by alpaca,2026-09-30T07:05:12Z
2016,BHE,2017-01-01,0.997912607849,re-anchor by alpaca,2026-09-30T07:05:12Z
2016,BXMT,2017-01-01,0.961511047755,re-anchor by alpaca,2026-09-30T07:05:21Z
2016,BXP,2017-01-01,0.988631637322,re-anchor by alpaca,2026-09-30T07:05:21Z
2016,CDP,2017-01-01,0.990679094541,re-anchor by alpaca,2026-09-30T07:05:21Z
2016,CPT,2017-01-01,0.989194680458,re-anchor by alpaca,2026-09-30T07:05:29Z
2016,CSR,2017-01-01,0.986129091918,re-anchor by alpaca,2026-09-29T07:15:29Z
2016,CSRA,2017-01-01,0.996857816182,re-anchor by alpaca,2026-09-29T07:15:29Z
2016,CTRE,2017-01-01,0.989473684211,re-anchor by alpaca,2026-09-30T07:05:29Z
2016,CVBF,2017-01-01,0.991067440822,re-anchor by alpaca,2026-09-30T07:05:29Z
2016,DE,2017-01-01,0.99762153934,re-anchor by alpaca,2026-09-30T07:05:37Z
2016,DEI,2017-01-01,0.980263157895,re-anchor by alpaca,2026-09-30T07:05:37Z
2016,DHR,2017-01-01,0.998240496365,re-anchor by alpaca,2026-09-30T07:05:37Z
2016,DRH,2017-01-01,0.991452991453,re-anchor by alpaca,2026-09-30T07:05:37Z
2016,EFC,2017-01-01,0.989591078067,re-anchor by alpaca,2026-09-30T07:05:37Z
2016,EGP,2017-01-01,0.99136995759,re-anchor by alpaca,2026-09-30T07:05:37Z
2016,ENSG,2017-01-01,0.999608982237,re-anchor by alpaca,2026-09-30T07:05:37Z
2016,EPR,2017-01-01,0.994501832722,re-anchor by alpaca,2026-09-30T07:05:37Z
2016,ESS,2017-01-01,0.990547945205,re-anchor by alpaca,2026-09-30T07:05:37Z
2016,FBNC,2017-01-01,0.996091307067,re-anchor by alpaca,2026-09-30T07:05:46Z
2016,FCPT,2017-01-01,0.994451050337,re-anchor by alpaca,2026-09-30T07:05:46Z
2016,FITB,2017-01-01,0.991801785389,re-anchor by alpaca,2026-09-30T07:05:46Z
2016,FMC,2017-01-01,0.991047448523,re-anchor by alpaca,2026-09-30T07:05:46Z
2016,FR,2017-01-01,0.991809733816,re-anchor by alpaca,2026-09-30T07:05:46Z
2016,GVA,2017-01-01,0.99885198852,re-anchor by alpaca,2026-09-30T07:05:54Z
2016,HST,2017-01-01,0.991304347826,re-anchor by alpaca,2026-09-30T07:05:54Z
2016,IIPR,2017-01-01,0.965122332119,re-anchor by alpaca,2026-09-30T07:06:03Z
2016,IRT,2017-01-01,0.988016776513,re-anchor by alpaca,2026-09-30T07:06:03Z
2016,ITW,2017-01-01,0.993573584236,re-anchor by alpaca,2026-09-30T07:06:03Z
2016,KRC,2017-01-01,0.984139784946,re-anchor by alpaca,2026-09-30T07:06:03Z
2016,LECO,2017-01-01,0.997072996609,re-anchor by alpaca,2026-09-30T07:06:11Z
2016,LII,2017-01-01,0.996221662469,re-anchor by alpaca,2026-09-30T07:06:11Z
2016,MDLZ,2017-01-01,0.99126845531,re-anchor by alpaca,2026-09-30T07:06:11Z
2016,MPWR,2017-01-01,0.998527776713,re-anchor by alpaca,2026-09-30T07:06:19Z
2016,NFG,2017-01-01,0.992817141466,re-anchor by alpaca,2026-09-30T07:06:19Z
2016,NHC,2017-01-01,0.997018644596,re-anchor by alpaca,2026-09-30T07:06:19Z
2016,NHI,2017-01-01,0.985957736878,re-anchor by alpaca,2026-09-30T07:06:19Z
2016,NLY,2017-01-01,0.963203463203,re-anchor by alpaca,2026-09-30T07:06:19Z
2016,NOG,2017-01-01,0.980429777437,re-anchor by alpaca,2026-09-29T07:16:09Z
2016,NUE,2017-01-01,0.997616643102,re-anchor by alpaca,2026-09-30T07:06:28Z
2016,O,2017-01-01,0.995044757033,re-anchor by alpaca,2026-09-30T07:06:28Z
2016,OFG,2017-01-01,0.99404418828,re-anchor by alpaca,2026-09-30T07:06:28Z
2016,PCG,2017-01-01,0.995642701525,re-anchor by alpaca,2026-09-30T07:06:28Z
2016,PEB,2017-01-01,0.999455040872,re-anchor by alpaca,2026-09-30T07:06:28Z
2016,PRIM,2017-01-01,0.998930481283,re-anchor by alpaca,2026-09-30T07:06:36Z
2016,REXR,2017-01-01,0.988304093567,re-anchor by alpaca,2026-09-30T07:06:36Z
2016,RHP,2017-01-01,0.990146671681,re-anchor by alpaca,2026-09-30T07:06:36Z
2016,RRX,2017-01-01,0.997780244173,re-anchor by alpaca,2026-09-30T07:06:45Z
2016,SHO,2017-01-01,0.992077464789,re-anchor by alpaca,2026-09-30T07:06:45Z
2016,SLG,2017-01-01,0.987464482701,re-anchor by alpaca,2026-09-30T07:06:45Z
2016,STAG,2017-01-01,0.98948787062,re-anchor by alpaca,2026-09-30T07:06:53Z
2016,STLD,2017-01-01,0.997619871906,re-anchor by alpaca,2026-09-30T07:06:53Z
2016,STWD,2017-01-01,0.966501240695,re-anchor by alpaca,2026-09-30T07:06:53Z
2016,SUI,2017-01-01,0.989995235827,re-anchor by alpaca,2026-09-30T07:06:53Z
2016,SYK,2017-01-01,0.99685410932,re-anchor by alpaca,2026-09-30T07:06:53Z
2016,TRNO,2017-01-01,0.991371746125,re-anchor by alpaca,2026-09-30T07:06:53Z
2016,USB,2017-01-01,0.990706617529,re-anchor by alpaca,2026-09-30T07:07:01Z
2016,VTR,2017-01-01,0.994031759565,re-anchor by alpaca,2026-09-30T07:07:01Z
2016,WPC,2017-01-01,0.985650599053,re-anchor by alpaca,2026-09-30T07:07:10Z
2016,WTW,2017-01-01,0.997491494147,re-anchor by alpaca,2026-09-30T07:07:10Z
2016,XHR,2017-01-01,0.99237804878,re-anchor by alpaca,2026-09-30T07:07:10Z
2016,XRX,2017-01-01,0.992203389831,re-anchor by alpaca,2026-09-30T07:07:10Z
2016,ZBH,2017-01-01,0.99740622506,re-anchor by alpaca,2026-09-30T07:07:10Z
2017,ABCB,2018-01-01,0.997545008183,re-anchor by alpaca,2026-09-30T07:05:04Z
2017,ADC,2018-01-01,0.996083727211,re-anchor by alpaca,2026-09-30T07:05:04Z
2017,AGNC,2018-01-01,0.98702502317,re-anchor by alpaca,2026-09-30T07:05:04Z
2017,AKR,2018-01-01,0.989642184557,re-anchor by alpaca,2026-09-30T07:05:04Z
2017,AMT,2018-01-01,0.989303914431,re-anchor by alpaca,2026-09-30T07:05:04Z
2017,APLE,2018-01-01,0.995198079232,re-anchor by alpaca,2026-09-30T07:05:13Z
2017,ARE,2018-01-01,0.985066162571,re-anchor by alpaca,2026-09-30T07:05:13Z
2017,BANF,2018-01-01,0.995139076425,re-anchor by alpaca,2026-09-30T07:05:13Z
2017,BEN,2018-01-01,0.990008564088,re-anchor by alpaca,2026-09-30T07:05:13Z
2017,BHE,2018-01-01,0.997912607849,re-anchor by alpaca,2026-09-30T07:05:13Z
2017,BXMT,2018-01-01,0.961511047755,re-anchor by alpaca,2026-09-30T07:05:21Z
2017,BXP,2018-01-01,0.988631637322,re-anchor by alpaca,2026-09-30T07:05:21Z
2017,CDP,2018-01-01,0.990679094541,re-anchor by alpaca,2026-09-30T07:05:21Z
2017,CPT,2018-01-01,0.989194680458,re-anchor by alpaca,2026-09-30T07:05:29Z
2017,CSR,2018-01-01,0.986129091918,re-anchor by alpaca,2026-09-29T07:15:29Z
2017,CSRA,2018-01-01,0.996857816182,re-anchor by alpaca,2026-09-29T07:15:29Z
2017,CTRE,2018-01-01,0.989473684211,re-anchor by alpaca,2026-09-30T07:05:29Z
2017,CVBF,2018-01-01,0.991067440822,re-anchor by alpaca,2026-09-30T07:05:29Z
2017,DE,2018-01-01,0.99762153934,re-anchor by alpaca,2026-09-30T07:05:38Z
2017,DEI,2018-01-01,0.980263157895,re-anchor by alpaca,2026-09-30T07:05:38Z
2017,DHR,2018-01-01,0.998240496365,re-anchor by alpaca,2026-09-30T07:05:38Z
2017,DRH,2018-01-01,0.991452991453,re-anchor by alpaca,2026-09-30T07:05:38Z
2017,EFC,2018-01-01,0.989591078067,re-anchor by alpaca,2026-09-30T07:05:38Z
2017,EGP,2018-01-01,0.99136995759,re-anchor by alpaca,2026-09-30T07:05:38Z
2017,ENSG,2018-01-01,0.999608982237,re-anchor by alpaca,2026-09-30T07:05:38Z
2017,EPR,2018-01-01,0.994501832722,re-anchor by alpaca,2026-09-30T07:05:38Z
2017,ESS,2018-01-01,0.990547945205,re-anchor by alpaca,2026-09-30T07:05:38Z
2017,FBNC,2018-01-01,0.996091307067,re-anchor by alpaca,2026-09-30T07:05:46Z
2017,FCPT,2018-01-01,0.994451050337,re-anchor by alpaca,2026-09-30T07:05:46Z
2017,FITB,2018-01-01,0.991801785389,re-anchor by alpaca,2026-09-30T07:05:46Z
2017,FMC,2018-01-01,0.991047448523,re-anchor by alpaca,2026-09-30T07:05:46Z
2017,FR,2018-01-01,0.991809733816,re-anchor by alpaca,2026-09-30T07:05:46Z
2017,GVA,2018-01-01,0.99885198852,re-anchor by alpaca,2026-09-30T07:05:54Z
2017,HST,2018-01-01,0.991304347826,re-anchor by alpaca,2026-09-30T07:05:54Z
2017,IIPR,2018-01-01,0.965122332119,re-anchor by alpaca,2026-09-30T07:06:03Z
2017,IRT,2018-01-01,0.988016776513,re-anchor by alpaca,2026-09-30T07:06:03Z
2017,ITW,2018-01-01,0.993573584236,re-anchor by alpaca,2026-09-30T07:06:03Z
2017,KRC,2018-01-01,0.984139784946,re-anchor by alpaca,2026-09-30T07:06:03Z
2017,LECO,2018-01-01,0.997072996609,re-anchor by alpaca,2026-09-30T07:06:11Z
2017,LII,2018-01-01,0.996221662469,re-anchor by alpaca,2026-09-30T07:06:11Z
2017,MDLZ,2018-01-01,0.99126845531,re-anchor by alpaca,2026-09-30T07:06:11Z
2017,MPWR,2018-01-01,0.998527776713,re-anchor by alpaca,2026-09-30T07:06:20Z
2017,NFG,2018-01-01,0.992817141466,re-anchor by alpaca,2026-09-30T07:06:20Z
2017,NHC,2018-01-01,0.997018644596,re-anchor by alpaca,2026-09-30T07:06:20Z
2017,NHI,2018-01-01,0.985957736878,re-anchor by alpaca,2026-09-30T07:06:20Z
2017,NLY,2018-01-01,0.963203463203,re-anchor by alpaca,2026-09-30T07:06:20Z
2017,NOG,2018-01-01,0.980429777437,re-anchor by alpaca,2026-09-29T07:16:09Z
2017,NUE,2018-01-01,0.997616643102,re-anchor by alpaca,2026-09-30T07:06:28Z
2017,O,2018-01-01,0.995044757033,re-anchor by alpaca,2026-09-30T07:06:28Z
2017,OFG,2018-01-01,0.99404418828,re-anchor by alpaca,2026-09-30T07:06:28Z
2017,PCG,2018-01-01,0.995642701525,re-anchor by alpaca,2026-09-30T07:06:28Z
2017,PEB,2018-01-01,0.999455040872,re-anchor by alpaca,2026-09-30T07:06:28Z
2017,PK,2018-01-01,0.983920841064,re-anchor by alpaca,2026-09-30T07:06:37Z
2017,PRIM,2018-01-01,0.998930481283,re-anchor by alpaca,2026-09-30T07:06:37Z
2017,REXR,2018-01-01,0.988304093567,re-anchor by alpaca,2026-09-30T07:06:37Z
2017,RHP,2018-01-01,0.990146671681,re-anchor by alpaca,2026-09-30T07:06:37Z
2017,RRX,2018-01-01,0.997780244173,re-anchor by alpaca,2026-09-30T07:06:45Z
2017,SAFE,2018-01-01,0.985151710781,re-anchor by alpaca,2026-09-30T07:06:45Z
2017,SHO,2018-01-01,0.992077464789,re-anchor by alpaca,2026-09-30T07:06:45Z
2017,SLG,2018-01-01,0.987464482701,re-anchor by alpaca,2026-09-30T07:06:45Z
2017,STAG,2018-01-01,0.98948787062,re-anchor by alpaca,2026-09-30T07:06:53Z
2017,STLD,2018-01-01,0.997619871906,re-anchor by alpaca,2026-09-30T07:06:53Z
2017,STWD,2018-01-01,0.966501240695,re-anchor by alpaca,2026-09-30T07:06:53Z
2017,SUI,2018-01-01,0.989995235827,re-anchor by alpaca,2026-09-30T07:06:53Z
2017,SYK,2018-01-01,0.99685410932,re-anchor by alpaca,2026-09-30T07:06:53Z
2017,TRNO,2018-01-01,0.991371746125,re-anchor by alpaca,2026-09-30T07:06:53Z
2017,USB,2018-01-01,0.990706617529,re-anchor by alpaca,2026-09-30T07:07:02Z
2017,VTR,2018-01-01,0.994031759565,re-anchor by alpaca,2026-09-30T07:07:02Z
2017,WPC,2018-01-01,0.985650599053,re-anchor by alpaca,2026-09-30T07:07:10Z
2017,WTW,2018-01-01,0.997491494147,re-anchor by alpaca,2026-09-30T07:07:10Z
2017,XHR,2018-01-01,0.99237804878,re-anchor by alpaca,2026-09-30T07:07:10Z
2017,XRX,2018-01-01,0.992203389831,re-anchor by alpaca,2026-09-30T07:07:10Z
2017,ZBH,2018-01-01,0.99740622506,re-anchor by alpaca,2026-09-30T07:07:10Z
2018,ABCB,2019-01-01,0.997545008183,re-anchor by alpaca,2026-09-30T07:05:05Z
2018,ADC,2019-01-01,0.996083727211,re-anchor by alpaca,2026-09-30T07:05:05Z
2018,AGNC,2019-01-01,0.98702502317,re-anchor by alpaca,2026-09-30T07:05:05Z
2018,AKR,2019-01-01,0.989642184557,re-anchor by alpaca,2026-09-30T07:05:05Z
2018,AMT,2019-01-01,0.989303914431,re-anchor by alpaca,2026-09-30T07:05:05Z
2018,APLE,2019-01-01,0.995198079232,re-anchor by alpaca,2026-09-30T07:05:13Z
2018,ARE,2019-01-01,0.985066162571,re-anchor by alpaca,2026-09-30T07:05:13Z
2018,BANF,2019-01-01,0.995139076425,re-anchor by alpaca,2026-09-30T07:05:13Z
2018,BEN,2019-01-01,0.990008564088,re-anchor by alpaca,2026-09-30T07:05:13Z
2018,BHE,2019-01-01,0.997912607849,re-anchor by alpaca,2026-09-30T07:05:13Z
2018,BXMT,2019-01-01,0.961511047755,re-anchor by alpaca,2026-09-30T07:05:21Z
2018,BXP,2019-01-01,0.988631637322,re-anchor by alpaca,2026-09-30T07:05:21Z
2018,CDP,2019-01-01,0.990679094541,re-anchor by alpaca,2026-09-30T07:05:21Z
2018,CPT,2019-01-01,0.989194680458,re-anchor by alpaca,2026-09-30T07:05:29Z
2018,CSR,2019-01-01,0.986129091918,re-anchor by alpaca,2026-09-29T07:15:29Z
2018,CSRA,2019-01-01,0.996857816182,re-anchor by alpaca,2026-09-29T07:15:29Z
2018,CTRE,2019-01-01,0.989473684211,re-anchor by alpaca,2026-09-30T07:05:29Z
2018,CVBF,2019-01-01,0.991067440822,re-anchor by alpaca,2026-09-30T07:05:29Z
2018,DE,2019-01-01,0.99762153934,re-anchor by alpaca,2026-09-30T07:05:38Z
2018,DEI,2019-01-01,0.980263157895,re-anchor by alpaca,2026-09-30T07:05:38Z
2018,DHR,2019-01-01,0.998240496365,re-anchor by alpaca,2026-09-30T07:05:38Z
2018,DRH,2019-01-01,0.991452991453,re-anchor by alpaca,2026-09-30T07:05:38Z
2018,EFC,2019-01-01,0.989591078067,re-anchor by alpaca,2026-09-30T07:05:38Z
2018,EGP,2019-01-01,0.99136995759,re-anchor by alpaca,2026-09-30T07:05:38Z
2018,ENSG,2019-01-01,0.999608982237,re-anchor by alpaca,2026-09-30T07:05:38Z
2018,EPR,2019-01-01,0.994501832722,re-anchor by alpaca,2026-09-30T07:05:38Z
2018,EPRT,2019-01-01,0.987662337662,re-anchor by alpaca,2026-09-30T07:05:38Z
2018,ESS,2019-01-01,0.990547945205,re-anchor by alpaca,2026-09-30T07:05:38Z
2018,FBNC,2019-01-01,0.996091307067,re-anchor by alpaca,2026-09-30T07:05:46Z
2018,FCPT,2019-01-01,0.994451050337,re-anchor by alpaca,2026-09-30T07:05:46Z
2018,FITB,2019-01-01,0.991801785389,re-anchor by alpaca,2026-09-30T07:05:46Z
2018,FMC,2019-01-01,0.991047448523,re-anchor by alpaca,2026-09-30T07:05:46Z
2018,FR,2019-01-01,0.991809733816,re-anchor by alpaca,2026-09-30T07:05:46Z
2018,GVA,2019-01-01,0.99885198852,re-anchor by alpaca,2026-09-30T07:05:55Z
2018,HST,2019-01-01,0.991304347826,re-anchor by alpaca,2026-09-30T07:05:55Z
2018,IIPR,2019-01-01,0.965122332119,re-anchor by alpaca,2026-09-30T07:06:03Z
2018,IRT,2019-01-01,0.988016776513,re-anchor by alpaca,2026-09-30T07:06:03Z
2018,ITW,2019-01-01,0.993573584236,re-anchor by alpaca,2026-09-30T07:06:03Z
2018,KRC,2019-01-01,0.984139784946,re-anchor by alpaca,2026-09-30T07:06:03Z
2018,LECO,2019-01-01,0.997072996609,re-anchor by alpaca,2026-09-30T07:06:11Z
2018,LII,2019-01-01,0.996221662469,re-anchor by alpaca,2026-09-30T07:06:11Z
2018,MDLZ,2019-01-01,0.99126845531,re-anchor by alpaca,2026-09-30T07:06:11Z
2018,MPWR,2019-01-01,0.998527776713,re-anchor by alpaca,2026-09-30T07:06:20Z
2018,NFG,2019-01-01,0.992817141466,re-anchor by alpaca,2026-09-30T07:06:20Z
2018,NHC,2019-01-01,0.997018644596,re-anchor by alpaca,2026-09-30T07:06:20Z
2018,NHI,2019-01-01,0.985957736878,re-anchor by alpaca,2026-09-30T07:06:20Z
2018,NLY,2019-01-01,0.963203463203,re-anchor by alpaca,2026-09-30T07:06:20Z
2018,NOG,2019-01-01,0.980429777437,re-anchor by alpaca,2026-09-29T07:16:09Z
2018,NUE,2019-01-01,0.997616643102,re-anchor by alpaca,2026-09-30T07:06:28Z
2018,O,2019-01-01,0.995044757033,re-anchor by alpaca,2026-09-30T07:06:28Z
2018,OFG,2019-01-01,0.99404418828,re-anchor by alpaca,2026-09-30T07:06:28Z
2018,PCG,2019-01-01,0.995642701525,re-anchor by alpaca,2026-09-30T07:06:28Z
2018,PEB,2019-01-01,0.999455040872,re-anchor by alpaca,2026-09-30T07:06:28Z
2018,PK,2019-01-01,0.983920841064,re-anchor by alpaca,2026-09-30T07:06:37Z
2018,PRIM,2019-01-01,0.998930481283,re-anchor by alpaca,2026-09-30T07:06:37Z
2018,REXR,2019-01-01,0.988304093567,re-anchor by alpaca,2026-09-30T07:06:37Z
2018,RHP,2019-01-01,0.990146671681,re-anchor by alpaca,2026-09-30T07:06:37Z
2018,RRX,2019-01-01,0.997780244173,re-anchor by alpaca,2026-09-30T07:06:45Z
2018,SAFE,2019-01-01,0.985151710781,re-anchor by alpaca,2026-09-30T07:06:45Z
2018,SHO,2019-01-01,0.992077464789,re-anchor by alpaca,2026-09-30T07:06:45Z
2018,SLG,2019-01-01,0.987464482701,re-anchor by alpaca,2026-09-30T07:06:45Z
2018,STAG,2019-01-01,0.98948787062,re-anchor by alpaca,2026-09-30T07:06:53Z
2018,STLD,2019-01-01,0.997619871906,re-anchor by alpaca,2026-09-30T07:06:53Z
2018,STWD,2019-01-01,0.966501240695,re-anchor by alpaca,2026-09-30T07:06:53Z
2018,SUI,2019-01-01,0.989995235827,re-anchor by alpaca,2026-09-30T07:06:53Z
2018,SYK,2019-01-01,0.99685410932,re-anchor by alpaca,2026-09-30T07:06:53Z
2018,TRNO,2019-01-01,0.991371746125,re-anchor by alpaca,2026-09-30T07:06:53Z
2018,USB,2019-01-01,0.990706617529,re-anchor by alpaca,2026-09-30T07:07:02Z
2018,VTR,2019-01-01,0.994031759565,re-anchor by alpaca,2026-09-30T07:07:02Z
2018,WPC,2019-01-01,0.985650599053,re-anchor by alpaca,2026-09-30T07:07:10Z
2018,WTW,2019-01-01,0.997491494147,re-anchor by alpaca,2026-09-30T07:07:10Z
2018,XHR,2019-01-01,0.99237804878,re-anchor by alpaca,2026-09-30T07:07:10Z
2018,XRX,2019-01-01,0.992203389831,re-anchor by alpaca,2026-09-30T07:07:10Z
2018,ZBH,2019-01-01,0.99740622506,re-anchor by alpaca,2026-09-30T07:07:10Z
2019,ABCB,2020-01-01,0.997545008183,re-anchor by alpaca,2026-09-30T07:05:05Z
2019,ADC,2020-01-01,0.996083727211,re-anchor by alpaca,2026-09-30T07:05:05Z
2019,AGNC,2020-01-01,0.98702502317,re-anchor by alpaca,2026-09-30T07:05:05Z
2019,AKR,2020-01-01,0.989642184557,re-anchor by alpaca,2026-09-30T07:05:05Z
2019,AMT,2020-01-01,0.989303914431,re-anchor by alpaca,2026-09-30T07:05:05Z
2019,APLE,2020-01-01,0.995198079232,re-anchor by alpaca,2026-09-30T07:05:13Z
2019,ARE,2020-01-01,0.985066162571,re-anchor by alpaca,2026-09-30T07:05:13Z
2019,BANF,2020-01-01,0.995139076425,re-anchor by alpaca,2026-09-30T07:05:13Z
2019,BEN,2020-01-01,0.990008564088,re-anchor by alpaca,2026-09-30T07:05:13Z
2019,BHE,2020-01-01,0.997912607849,re-anchor by alpaca,2026-09-30T07:05:13Z
2019,BXMT,2020-01-01,0.961511047755,re-anchor by alpaca,2026-09-30T07:05:21Z
2019,BXP,2020-01-01,0.988631637322,re-anchor by alpaca,2026-09-30T07:05:21Z
2019,CDP,2020-01-01,0.990679094541,re-anchor by alpaca,2026-09-30T07:05:21Z
2019,CPT,2020-01-01,0.989194680458,re-anchor by alpaca,2026-09-30T07:05:30Z
2019,CSR,2020-01-01,0.986129091918,re-anchor by alpaca,2026-09-29T07:15:30Z
2019,CTRE,2020-01-01,0.989473684211,re-anchor by alpaca,2026-09-30T07:05:30Z
2019,CVBF,2020-01-01,0.991067440822,re-anchor by alpaca,2026-09-30T07:05:30Z
2019,DE,2020-01-01,0.99762153934,re-anchor by alpaca,2026-09-30T07:05:38Z
2019,DEI,2020-01-01,0.980263157895,re-anchor by alpaca,2026-09-30T07:05:38Z
2019,DHR,2020-01-01,0.998240496365,re-anchor by alpaca,2026-09-30T07:05:38Z
2019,DRH,2020-01-01,0.991452991453,re-anchor by alpaca,2026-09-30T07:05:38Z
2019,EFC,2020-01-01,0.989591078067,re-anchor by alpaca,2026-09-30T07:05:38Z
2019,EGP,2020-01-01,0.99136995759,re-anchor by alpaca,2026-09-30T07:05:38Z
2019,ENSG,2020-01-01,0.999608982237,re-anchor by alpaca,2026-09-30T07:05:38Z
2019,EPR,2020-01-01,0.994501832722,re-anchor by alpaca,2026-09-30T07:05:38Z
2019,EPRT,2020-01-01,0.987662337662,re-anchor by alpaca,2026-09-30T07:05:38Z
2019,ESS,2020-01-01,0.990547945205,re-anchor by alpaca,2026-09-30T07:05:38Z
2019,FBNC,2020-01-01,0.996091307067,re-anchor by alpaca,2026-09-30T07:05:46Z
2019,FCPT,2020-01-01,0.994451050337,re-anchor by alpaca,2026-09-30T07:05:46Z
2019,FITB,2020-01-01,0.991801785389,re-anchor by alpaca,2026-09-30T07:05:46Z
2019,FMC,2020-01-01,0.991047448523,re-anchor by alpaca,2026-09-30T07:05:46Z
2019,FR,2020-01-01,0.991809733816,re-anchor by alpaca,2026-09-30T07:05:46Z
2019,GVA,2020-01-01,0.99885198852,re-anchor by alpaca,2026-09-30T07:05:55Z
2019,HST,2020-01-01,0.991304347826,re-anchor by alpaca,2026-09-30T07:05:55Z
2019,IIPR,2020-01-01,0.965122332119,re-anchor by alpaca,2026-09-30T07:06:03Z
2019,IRT,2020-01-01,0.988016776513,re-anchor by alpaca,2026-09-30T07:06:03Z
2019,ITW,2020-01-01,0.993573584236,re-anchor by alpaca,2026-09-30T07:06:03Z
2019,KRC,2020-01-01,0.984139784946,re-anchor by alpaca,2026-09-30T07:06:03Z
2019,LECO,2020-01-01,0.997072996609,re-anchor by alpaca,2026-09-30T07:06:12Z
2019,LII,2020-01-01,0.996221662469,re-anchor by alpaca,2026-09-30T07:06:12Z
2019,MDLZ,2020-01-01,0.99126845531,re-anchor by alpaca,2026-09-30T07:06:12Z
2019,MPWR,2020-01-01,0.998527776713,re-anchor by alpaca,2026-09-30T07:06:20Z
2019,NFG,2020-01-01,0.992817141466,re-anchor by alpaca,2026-09-30T07:06:20Z
2019,NHC,2020-01-01,0.997018644596,re-anchor by alpaca,2026-09-30T07:06:20Z
2019,NHI,2020-01-01,0.985957736878,re-anchor by alpaca,2026-09-30T07:06:20Z
2019,NLY,2020-01-01,0.963203463203,re-anchor by alpaca,2026-09-30T07:06:20Z
2019,NOG,2020-01-01,0.980429777437,re-anchor by alpaca,2026-09-29T07:16:09Z
2019,NUE,2020-01-01,0.997616643102,re-anchor by alpaca,2026-09-30T07:06:28Z
2019,O,2020-01-01,0.995044757033,re-anchor by alpaca,2026-09-30T07:06:28Z
2019,OFG,2020-01-01,0.99404418828,re-anchor by alpaca,2026-09-30T07:06:28Z
2019,PCG,2020-01-01,0.995642701525,re-anchor by alpaca,2026-09-30T07:06:28Z
2019,PEB,2020-01-01,0.999455040872,re-anchor by alpaca,2026-09-30T07:06:28Z
2019,PK,2020-01-01,0.983920841064,re-anchor by alpaca,2026-09-30T07:06:37Z
2019,PRIM,2020-01-01,0.998930481283,re-anchor by alpaca,2026-09-30T07:06:37Z
2019,REXR,2020-01-01,0.988304093567,re-anchor by alpaca,2026-09-30T07:06:37Z
2019,RHP,2020-01-01,0.990146671681,re-anchor by alpaca,2026-09-30T07:06:37Z
2019,RRX,2020-01-01,0.997780244173,re-anchor by alpaca,2026-09-30T07:06:45Z
2019,SAFE,2020-01-01,0.985151710781,re-anchor by alpaca,2026-09-30T07:06:45Z
2019,SHO,2020-01-01,0.992077464789,re-anchor by alpaca,2026-09-30T07:06:45Z
2019,SLG,2020-01-01,0.987464482701,re-anchor by alpaca,2026-09-30T07:06:45Z
2019,STAG,2020-01-01,0.98948787062,re-anchor by alpaca,2026-09-30T07:06:54Z
2019,STLD,2020-01-01,0.997619871906,re-anchor by alpaca,2026-09-30T07:06:54Z
2019,STWD,2020-01-01,0.966501240695,re-anchor by alpaca,2026-09-30T07:06:54Z
2019,SUI,2020-01-01,0.989995235827,re-anchor by alpaca,2026-09-30T07:06:54Z
2019,SYK,2020-01-01,0.99685410932,re-anchor by alpaca,2026-09-30T07:06:54Z
2019,TRNO,2020-01-01,0.991371746125,re-anchor by alpaca,2026-09-30T07:06:54Z
2019,USB,2020-01-01,0.990706617529,re-anchor by alpaca,2026-09-30T07:07:02Z
2019,VTR,2020-01-01,0.994031759565,re-anchor by alpaca,2026-09-30T07:07:02Z
2019,WPC,2020-01-01,0.985650599053,re-anchor by alpaca,2026-09-30T07:07:10Z
2019,WTW,2020-01-01,0.997491494147,re-anchor by alpaca,2026-09-30T07:07:10Z
2019,XHR,2020-01-01,0.99237804878,re-anchor by alpaca,2026-09-30T07:07:10Z
2019,XRX,2020-01-01,0.992203389831,re-anchor by alpaca,2026-09-30T07:07:10Z
2019,ZBH,2020-01-01,0.99740622506,re-anchor by alpaca,2026-09-30T07:07:10Z
2020,ABCB,2021-01-01,0.997545008183,re-anchor by alpaca,2026-09-30T07:05:05Z
2020,ADC,2021-01-01,0.996083727211,re-anchor by alpaca,2026-09-30T07:05:05Z
2020,AGNC,2021-01-01,0.98702502317,re-anchor by alpaca,2026-09-30T07:05:05Z
2020,AKR,2021-01-01,0.989642184557,re-anchor by alpaca,2026-09-30T07:05:05Z
2020,AMT,2021-01-01,0.989303914431,re-anchor by alpaca,2026-09-30T07:05:05Z
2020,APLE,2021-01-01,0.995198079232,re-anchor by alpaca,2026-09-30T07:05:13Z
2020,ARE,2021-01-01,0.985066162571,re-anchor by alpaca,2026-09-30T07:05:13Z
2020,BANF,2021-01-01,0.995139076425,re-anchor by alpaca,2026-09-30T07:05:13Z
2020,BEN,2021-01-01,0.990008564088,re-anchor by alpaca,2026-09-30T07:05:13Z
2020,BHE,2021-01-01,0.997912607849,re-anchor by alpaca,2026-09-30T07:05:13Z
2020,BNL,2021-01-01,0.984686774942,re-anchor by alpaca,2026-09-30T07:05:22Z
2020,BXMT,2021-01-01,0.961511047755,re-anchor by alpaca,2026-09-30T07:05:22Z
2020,BXP,2021-01-01,0.988631637322,re-anchor by alpaca,2026-09-30T07:05:22Z
2020,CDP,2021-01-01,0.990679094541,re-anchor by alpaca,2026-09-30T07:05:22Z
2020,CPT,2021-01-01,0.989194680458,re-anchor by alpaca,2026-09-30T07:05:30Z
2020,CSR,2021-01-01,0.986129091918,re-anchor by alpaca,2026-09-29T07:15:30Z
2020,CTRE,2021-01-01,0.989473684211,re-anchor by alpaca,2026-09-30T07:05:30Z
2020,CVBF,2021-01-01,0.991067440822,re-anchor by alpaca,2026-09-30T07:05:30Z
2020,DE,2021-01-01,0.99762153934,re-anchor by alpaca,2026-09-30T07:05:38Z
2020,DEI,2021-01-01,0.980263157895,re-anchor by alpaca,2026-09-30T07:05:38Z
2020,DHR,2021-01-01,0.998240496365,re-anchor by alpaca,2026-09-30T07:05:38Z
2020,DRH,2021-01-01,0.991452991453,re-anchor by alpaca,2026-09-30T07:05:38Z
2020,EFC,2021-01-01,0.989591078067,re-anchor by alpaca,2026-09-30T07:05:38Z
2020,EGP,2021-01-01,0.99136995759,re-anchor by alpaca,2026-09-30T07:05:38Z
2020,ENSG,2021-01-01,0.999608982237,re-anchor by alpaca,2026-09-30T07:05:38Z
2020,EPR,2021-01-01,0.994501832722,re-anchor by alpaca,2026-09-30T07:05:38Z
2020,EPRT,2021-01-01,0.987662337662,re-anchor by alpaca,2026-09-30T07:05:38Z
2020,ESS,2021-01-01,0.990547945205,re-anchor by alpaca,2026-09-30T07:05:38Z
2020,FBNC,2021-01-01,0.996091307067,re-anchor by alpaca,2026-09-30T07:05:47Z
2020,FCPT,2021-01-01,0.994451050337,re-anchor by alpaca,2026-09-30T07:05:47Z
2020,FITB,2021-01-01,0.991801785389,re-anchor by alpaca,2026-09-30T07:05:47Z
2020,FMC,2021-01-01,0.991047448523,re-anchor by alpaca,2026-09-30T07:05:47Z
2020,FR,2021-01-01,0.991809733816,re-anchor by alpaca,2026-09-30T07:05:47Z
2020,GVA,2021-01-01,0.99885198852,re-anchor by alpaca,2026-09-30T07:05:55Z
2020,HST,2021-01-01,0.991304347826,re-anchor by alpaca,2026-09-30T07:05:55Z
2020,IIPR,2021-01-01,0.965122332119,re-anchor by alpaca,2026-09-30T07:06:03Z
2020,IRT,2021-01-01,0.988016776513,re-anchor by alpaca,2026-09-30T07:06:03Z
2020,ITW,2021-01-01,0.993573584236,re-anchor by alpaca,2026-09-30T07:06:03Z
2020,KRC,2021-01-01,0.984139784946,re-anchor by alpaca,2026-09-30T07:06:03Z
2020,LECO,2021-01-01,0.997072996609,re-anchor by alpaca,2026-09-30T07:06:12Z
2020,LII,2021-01-01,0.996221662469,re-anchor by alpaca,2026-09-30T07:06:12Z
2020,MDLZ,2021-01-01,0.99126845531,re-anchor by alpaca,2026-09-30T07:06:12Z
2020,MPWR,2021-01-01,0.998527776713,re-anchor by alpaca,2026-09-30T07:06:20Z
2020,NFG,2021-01-01,0.992817141466,re-anchor by alpaca,2026-09-30T07:06:20Z
2020,NHC,2021-01-01,0.997018644596,re-anchor by alpaca,2026-09-30T07:06:20Z
2020,NHI,2021-01-01,0.985957736878,re-anchor by alpaca,2026-09-30T07:06:20Z
2020,NLY,2021-01-01,0.963203463203,re-anchor by alpaca,2026-09-30T07:06:20Z
2020,NOG,2021-01-01,0.980429777437,re-anchor by alpaca,2026-09-29T07:16:10Z
2020,NUE,2021-01-01,0.997616643102,re-anchor by alpaca,2026-09-30T07:06:29Z
2020,O,2021-01-01,0.995044757033,re-anchor by alpaca,2026-09-30T07:06:29Z
2020,OFG,2021-01-01,0.99404418828,re-anchor by alpaca,2026-09-30T07:06:29Z
2020,PCG,2021-01-01,0.995642701525,re-anchor by alpaca,2026-09-30T07:06:29Z
2020,PEB,2021-01-01,0.999455040872,re-anchor by alpaca,2026-09-30T07:06:29Z
2020,PK,2021-01-01,0.983920841064,re-anchor by alpaca,2026-09-30T07:06:37Z
2020,PRIM,2021-01-01,0.998930481283,re-anchor by alpaca,2026-09-30T07:06:37Z
2020,REXR,2021-01-01,0.988304093567,re-anchor by alpaca,2026-09-30T07:06:37Z
2020,RHP,2021-01-01,0.990146671681,re-anchor by alpaca,2026-09-30T07:06:37Z
2020,RRX,2021-01-01,0.997780244173,re-anchor by alpaca,2026-09-30T07:06:45Z
2020,SAFE,2021-01-01,0.985151710781,re-anchor by alpaca,2026-09-30T07:06:45Z
2020,SHO,2021-01-01,0.992077464789,re-anchor by alpaca,2026-09-30T07:06:45Z
2020,SLG,2021-01-01,0.987464482701,re-anchor by alpaca,2026-09-30T07:06:45Z
2020,STAG,2021-01-01,0.98948787062,re-anchor by alpaca,2026-09-30T07:06:54Z
2020,STLD,2021-01-01,0.997619871906,re-anchor by alpaca,2026-09-30T07:06:54Z
2020,STWD,2021-01-01,0.966501240695,re-anchor by alpaca,2026-09-30T07:06:54Z
2020,SUI,2021-01-01,0.989995235827,re-anchor by alpaca,2026-09-30T07:06:54Z
2020,SYK,2021-01-01,0.99685410932,re-anchor by alpaca,2026-09-30T07:06:54Z
2020,TRNO,2021-01-01,0.991371746125,re-anchor by alpaca,2026-09-30T07:06:54Z
2020,USB,2021-01-01,0.990706617529,re-anchor by alpaca,2026-09-30T07:07:02Z
2020,VTR,2021-01-01,0.994031759565,re-anchor by alpaca,2026-09-30T07:07:02Z
2020,WPC,2021-01-01,0.985650599053,re-anchor by alpaca,2026-09-30T07:07:11Z
2020,WTW,2021-01-01,0.997491494147,re-anchor by alpaca,2026-09-30T07:07:11Z
2020,XHR,2021-01-01,0.99237804878,re-anchor by alpaca,2026-09-30T07:07:11Z
2020,XRX,2021-01-01,0.992203389831,re-anchor by alpaca,2026-09-30T07:07:11Z
2020,ZBH,2021-01-01,0.99740622506,re-anchor by alpaca,2026-09-30T07:07:11Z
2021,ABCB,2022-01-01,0.997545008183,re-anchor by alpaca,2026-09-30T07:05:05Z
2021,ADC,2022-01-01,0.996083727211,re-anchor by alpaca,2026-09-30T07:05:05Z
2021,AGNC,2022-01-01,0.98702502317,re-anchor by alpaca,2026-09-30T07:05:05Z
2021,AKR,2022-01-01,0.989642184557,re-anchor by alpaca,2026-09-30T07:05:05Z
2021,AMT,2022-01-01,0.989303914431,re-anchor by alpaca,2026-09-30T07:05:05Z
2021,APLE,2022-01-01,0.995198079232,re-anchor by alpaca,2026-09-30T07:05:13Z
2021,ARE,2022-01-01,0.985066162571,re-anchor by alpaca,2026-09-30T07:05:13Z
2021,BANF,2022-01-01,0.995139076425,re-anchor by alpaca,2026-09-30T07:05:13Z
2021,BEN,2022-01-01,0.990008564088,re-anchor by alpaca,2026-09-30T07:05:13Z
2021,BHE,2022-01-01,0.997912607849,re-anchor by alpaca,2026-09-30T07:05:13Z
2021,BNL,2022-01-01,0.984686774942,re-anchor by alpaca,2026-09-30T07:05:22Z
2021,BXMT,2022-01-01,0.961511047755,re-anchor by alpaca,2026-09-30T07:05:22Z
2021,BXP,2022-01-01,0.988631637322,re-anchor by alpaca,2026-09-30T07:05:22Z
2021,CDP,2022-01-01,0.990679094541,re-anchor by alpaca,2026-09-30T07:05:22Z
2021,CPT,2022-01-01,0.989194680458,re-anchor by alpaca,2026-09-30T07:05:30Z
2021,CSR,2022-01-01,0.986129091918,re-anchor by alpaca,2026-09-29T07:15:30Z
2021,CTRE,2022-01-01,0.989473684211,re-anchor by alpaca,2026-09-30T07:05:30Z
2021,CVBF,2022-01-01,0.991067440822,re-anchor by alpaca,2026-09-30T07:05:30Z
2021,DE,2022-01-01,0.99762153934,re-anchor by alpaca,2026-09-30T07:05:38Z
2021,DEI,2022-01-01,0.980263157895,re-anchor by alpaca,2026-09-30T07:05:38Z
2021,DHR,2022-01-01,0.998240496365,re-anchor by alpaca,2026-09-30T07:05:38Z
2021,DRH,2022-01-01,0.991452991453,re-anchor by alpaca,2026-09-30T07:05:38Z
2021,EFC,2022-01-01,0.989591078067,re-anchor by alpaca,2026-09-30T07:05:38Z
2021,EGP,2022-01-01,0.99136995759,re-anchor by alpaca,2026-09-30T07:05:38Z
2021,ENSG,2022-01-01,0.999608982237,re-anchor by alpaca,2026-09-30T07:05:38Z
2021,EPR,2022-01-01,0.994501832722,re-anchor by alpaca,2026-09-30T07:05:38Z
2021,EPRT,2022-01-01,0.987662337662,re-anchor by alpaca,2026-09-30T07:05:38Z
2021,ESS,2022-01-01,0.990547945205,re-anchor by alpaca,2026-09-30T07:05:38Z
2021,FBNC,2022-01-01,0.996091307067,re-anchor by alpaca,2026-09-30T07:05:47Z
2021,FBRT,2022-01-01,0.970283018868,re-anchor by alpaca,2026-09-30T07:05:47Z
2021,FCPT,2022-01-01,0.994451050337,re-anchor by alpaca,2026-09-30T07:05:47Z
2021,FITB,2022-01-01,0.991801785389,re-anchor by alpaca,2026-09-30T07:05:47Z
2021,FMC,2022-01-01,0.991047448523,re-anchor by alpaca,2026-09-30T07:05:47Z
2021,FR,2022-01-01,0.991809733816,re-anchor by alpaca,2026-09-30T07:05:47Z
2021,GVA,2022-01-01,0.99885198852,re-anchor by alpaca,2026-09-30T07:05:55Z
2021,HST,2022-01-01,0.991304347826,re-anchor by alpaca,2026-09-30T07:05:55Z
2021,IIPR,2022-01-01,0.965122332119,re-anchor by alpaca,2026-09-30T07:06:04Z
2021,IRT,2022-01-01,0.988016776513,re-anchor by alpaca,2026-09-30T07:06:04Z
2021,ITW,2022-01-01,0.993573584236,re-anchor by alpaca,2026-09-30T07:06:04Z
2021,IVT,2022-01-01,0.991738066095,re-anchor by alpaca,2026-09-30T07:06:04Z
2021,KRC,2022-01-01,0.984139784946,re-anchor by alpaca,2026-09-30T07:06:04Z
2021,LECO,2022-01-01,0.997072996609,re-anchor by alpaca,2026-09-30T07:06:12Z
2021,LII,2022-01-01,0.996221662469,re-anchor by alpaca,2026-09-30T07:06:12Z
2021,MDLZ,2022-01-01,0.99126845531,re-anchor by alpaca,2026-09-30T07:06:12Z
2021,MPWR,2022-01-01,0.998527776713,re-anchor by alpaca,2026-09-30T07:06:20Z
2021,NFG,2022-01-01,0.992817141466,re-anchor by alpaca,2026-09-30T07:06:20Z
2021,NHC,2022-01-01,0.997018644596,re-anchor by alpaca,2026-09-30T07:06:20Z
2021,NHI,2022-01-01,0.985957736878,re-anchor by alpaca,2026-09-30T07:06:20Z
2021,NLY,2022-01-01,0.963203463203,re-anchor by alpaca,2026-09-30T07:06:20Z
2021,NOG,2022-01-01,0.980429777437,re-anchor by alpaca,2026-09-29T07:16:10Z
2021,NUE,2022-01-01,0.997616643102,re-anchor by alpaca,2026-09-30T07:06:29Z
2021,O,2022-01-01,0.995044757033,re-anchor by alpaca,2026-09-30T07:06:29Z
2021,OFG,2022-01-01,0.99404418828,re-anchor by alpaca,2026-09-30T07:06:29Z
2021,PCG,2022-01-01,0.995642701525,re-anchor by alpaca,2026-09-30T07:06:29Z
2021,PEB,2022-01-01,0.999455040872,re-anchor by alpaca,2026-09-30T07:06:29Z
2021,PK,2022-01-01,0.983920841064,re-anchor by alpaca,2026-09-30T07:06:37Z
2021,PRIM,2022-01-01,0.998930481283,re-anchor by alpaca,2026-09-30T07:06:37Z
2021,REXR,2022-01-01,0.988304093567,re-anchor by alpaca,2026-09-30T07:06:37Z
2021,RHP,2022-01-01,0.990146671681,re-anchor by alpaca,2026-09-30T07:06:37Z
2021,RRX,2022-01-01,0.997780244173,re-anchor by alpaca,2026-09-30T07:06:46Z
2021,SAFE,2022-01-01,0.985151710781,re-anchor by alpaca,2026-09-30T07:06:46Z
2021,SHO,2022-01-01,0.992077464789,re-anchor by alpaca,2026-09-30T07:06:46Z
2021,SLG,2022-01-01,0.987464482701,re-anchor by alpaca,2026-09-30T07:06:46Z
2021,STAG,2022-01-01,0.98948787062,re-anchor by alpaca,2026-09-30T07:06:54Z
2021,STLD,2022-01-01,0.997619871906,re-anchor by alpaca,2026-09-30T07:06:54Z
2021,STWD,2022-01-01,0.966501240695,re-anchor by alpaca,2026-09-30T07:06:54Z
2021,SUI,2022-01-01,0.989995235827,re-anchor by alpaca,2026-09-30T07:06:54Z
2021,SYK,2022-01-01,0.99685410932,re-anchor by alpaca,2026-09-30T07:06:54Z
2021,TRNO,2022-01-01,0.991371746125,re-anchor by alpaca,2026-09-30T07:06:54Z
2021,USB,2022-01-01,0.990706617529,re-anchor by alpaca,2026-09-30T07:07:02Z
2021,VTR,2022-01-01,0.994031759565,re-anchor by alpaca,2026-09-30T07:07:02Z
2021,WPC,2022-01-01,0.985650599053,re-anchor by alpaca,2026-09-30T07:07:11Z
2021,WTW,2022-01-01,0.997491494147,re-anchor by alpaca,2026-09-30T07:07:11Z
2021,XHR,2022-01-01,0.99237804878,re-anchor by alpaca,2026-09-30T07:07:11Z
2021,XRX,2022-01-01,0.992203389831,re-anchor by alpaca,2026-09-30T07:07:11Z
2021,ZBH,2022-01-01,0.99740622506,re-anchor by alpaca,2026-09-30T07:07:11Z
2022,ABCB,2023-01-01,0.997545008183,re-anchor by alpaca,2026-09-30T07:05:05Z
2022,ADC,2023-01-01,0.996083727211,re-anchor by alpaca,2026-09-30T07:05:05Z
2022,AGNC,2023-01-01,0.98702502317,re-anchor by alpaca,2026-09-30T07:05:05Z
2022,AKR,2023-01-01,0.989642184557,re-anchor by alpaca,2026-09-30T07:05:05Z
2022,AMT,2023-01-01,0.989303914431,re-anchor by alpaca,2026-09-30T07:05:05Z
2022,APLE,2023-01-01,0.995198079232,re-anchor by alpaca,2026-09-30T07:05:13Z
2022,ARE,2023-01-01,0.985066162571,re-anchor by alpaca,2026-09-30T07:05:13Z
2022,BANF,2023-01-01,0.995139076425,re-anchor by alpaca,2026-09-30T07:05:13Z
2022,BEN,2023-01-01,0.990008564088,re-anchor by alpaca,2026-09-30T07:05:13Z
2022,BHE,2023-01-01,0.997912607849,re-anchor by alpaca,2026-09-30T07:05:13Z
2022,BNL,2023-01-01,0.984686774942,re-anchor by alpaca,2026-09-30T07:05:22Z
2022,BXMT,2023-01-01,0.961511047755,re-anchor by alpaca,2026-09-30T07:05:22Z
2022,BXP,2023-01-01,0.988631637322,re-anchor by alpaca,2026-09-30T07:05:22Z
2022,CDP,2023-01-01,0.990679094541,re-anchor by alpaca,2026-09-30T07:05:22Z
2022,CPT,2023-01-01,0.989194680458,re-anchor by alpaca,2026-09-30T07:05:30Z
2022,CSR,2023-01-01,0.986129091918,re-anchor by alpaca,2026-09-29T07:15:30Z
2022,CTRE,2023-01-01,0.989473684211,re-anchor by alpaca,2026-09-30T07:05:30Z
2022,CVBF,2023-01-01,0.991067440822,re-anchor by alpaca,2026-09-30T07:05:30Z
2022,DE,2023-01-01,0.99762153934,re-anchor by alpaca,2026-09-30T07:05:39Z
2022,DEI,2023-01-01,0.980263157895,re-anchor by alpaca,2026-09-30T07:05:39Z
2022,DHR,2023-01-01,0.998240496365,re-anchor by alpaca,2026-09-30T07:05:39Z
2022,DRH,2023-01-01,0.991452991453,re-anchor by alpaca,2026-09-30T07:05:39Z
2022,EFC,2023-01-01,0.989591078067,re-anchor by alpaca,2026-09-30T07:05:39Z
2022,EGP,2023-01-01,0.99136995759,re-anchor by alpaca,2026-09-30T07:05:39Z
2022,ENSG,2023-01-01,0.999608982237,re-anchor by alpaca,2026-09-30T07:05:39Z
2022,EPR,2023-01-01,0.994501832722,re-anchor by alpaca,2026-09-30T07:05:39Z
2022,EPRT,2023-01-01,0.987662337662,re-anchor by alpaca,2026-09-30T07:05:39Z
2022,ESS,2023-01-01,0.990547945205,re-anchor by alpaca,2026-09-30T07:05:39Z
2022,FBNC,2023-01-01,0.996091307067,re-anchor by alpaca,2026-09-30T07:05:47Z
2022,FBRT,2023-01-01,0.970283018868,re-anchor by alpaca,2026-09-30T07:05:47Z
2022,FCPT,2023-01-01,0.994451050337,re-anchor by alpaca,2026-09-30T07:05:47Z
2022,FITB,2023-01-01,0.991801785389,re-anchor by alpaca,2026-09-30T07:05:47Z
2022,FMC,2023-01-01,0.991047448523,re-anchor by alpaca,2026-09-30T07:05:47Z
2022,FR,2023-01-01,0.991809733816,re-anchor by alpaca,2026-09-30T07:05:47Z
2022,GVA,2023-01-01,0.99885198852,re-anchor by alpaca,2026-09-30T07:05:55Z
2022,HST,2023-01-01,0.991304347826,re-anchor by alpaca,2026-09-30T07:05:55Z
2022,IIPR,2023-01-01,0.965122332119,re-anchor by alpaca,2026-09-30T07:06:04Z
2022,IRT,2023-01-01,0.988016776513,re-anchor by alpaca,2026-09-30T07:06:04Z
2022,ITW,2023-01-01,0.993573584236,re-anchor by alpaca,2026-09-30T07:06:04Z
2022,IVT,2023-01-01,0.991738066095,re-anchor by alpaca,2026-09-30T07:06:04Z
2022,KRC,2023-01-01,0.984139784946,re-anchor by alpaca,2026-09-30T07:06:04Z
2022,LECO,2023-01-01,0.997072996609,re-anchor by alpaca,2026-09-30T07:06:12Z
2022,LII,2023-01-01,0.996221662469,re-anchor by alpaca,2026-09-30T07:06:12Z
2022,MDLZ,2023-01-01,0.99126845531,re-anchor by alpaca,2026-09-30T07:06:12Z
2022,MPWR,2023-01-01,0.998527776713,re-anchor by alpaca,2026-09-30T07:06:21Z
2022,NFG,2023-01-01,0.992817141466,re-anchor by alpaca,2026-09-30T07:06:21Z
2022,NHC,2023-01-01,0.997018644596,re-anchor by alpaca,2026-09-30T07:06:21Z
2022,NHI,2023-01-01,0.985957736878,re-anchor by alpaca,2026-09-30T07:06:21Z
2022,NLY,2023-01-01,0.963203463203,re-anchor by alpaca,2026-09-30T07:06:21Z
2022,NOG,2023-01-01,0.980429777437,re-anchor by alpaca,2026-09-29T07:16:10Z
2022,NUE,2023-01-01,0.997616643102,re-anchor by alpaca,2026-09-30T07:06:29Z
2022,O,2023-01-01,0.995044757033,re-anchor by alpaca,2026-09-30T07:06:29Z
2022,OFG,2023-01-01,0.99404418828,re-anchor by alpaca,2026-09-30T07:06:29Z
2022,PCG,2023-01-01,0.995642701525,re-anchor by alpaca,2026-09-30T07:06:29Z
2022,PEB,2023-01-01,0.999455040872,re-anchor by alpaca,2026-09-30T07:06:29Z
2022,PK,2023-01-01,0.983920841064,re-anchor by alpaca,2026-09-30T07:06:37Z
2022,PRIM,2023-01-01,0.998930481283,re-anchor by alpaca,2026-09-30T07:06:37Z
2022,REXR,2023-01-01,0.988304093567,re-anchor by alpaca,2026-09-30T07:06:37Z
2022,RHP,2023-01-01,0.990146671681,re-anchor by alpaca,2026-09-30T07:06:37Z
2022,RRX,2023-01-01,0.997780244173,re-anchor by alpaca,2026-09-30T07:06:46Z
2022,SAFE,2023-01-01,0.985151710781,re-anchor by alpaca,2026-09-30T07:06:46Z
2022,SHO,2023-01-01,0.992077464789,re-anchor by alpaca,2026-09-30T07:06:46Z
2022,SLG,2023-01-01,0.987464482701,re-anchor by alpaca,2026-09-30T07:06:46Z
2022,STAG,2023-01-01,0.98948787062,re-anchor by alpaca,2026-09-30T07:06:54Z
2022,STLD,2023-01-01,0.997619871906,re-anchor by alpaca,2026-09-30T07:06:54Z
2022,STWD,2023-01-01,0.966501240695,re-anchor by alpaca,2026-09-30T07:06:54Z
2022,SUI,2023-01-01,0.989995235827,re-anchor by alpaca,2026-09-30T07:06:54Z
2022,SYK,2023-01-01,0.99685410932,re-anchor by alpaca,2026-09-30T07:06:54Z
2022,TRNO,2023-01-01,0.991371746125,re-anchor by alpaca,2026-09-30T07:06:54Z
2022,USB,2023-01-01,0.990706617529,re-anchor by alpaca,2026-09-30T07:07:03Z
2022,VTR,2023-01-01,0.994031759565,re-anchor by alpaca,2026-09-30T07:07:03Z
2022,WPC,2023-01-01,0.985650599053,re-anchor by alpaca,2026-09-30T07:07:11Z
2022,WTW,2023-01-01,0.997491494147,re-anchor by alpaca,2026-09-30T07:07:11Z
2022,XHR,2023-01-01,0.99237804878,re-anchor by alpaca,2026-09-30T07:07:11Z
2022,XRX,2023-01-01,0.992203389831,re-anchor by alpaca,2026-09-30T07:07:11Z
2022,ZBH,2023-01-01,0.99740622506,re-anchor by alpaca,2026-09-30T07:07:11Z
2023,ABCB,2024-01-01,0.997545008183,re-anchor by alpaca,2026-09-30T07:05:05Z
2023,ADC,2024-01-01,0.996083727211,re-anchor by alpaca,2026-09-30T07:05:05Z
2023,AGNC,2024-01-01,0.98702502317,re-anchor by alpaca,2026-09-30T07:05:05Z
2023,AKR,2024-01-01,0.989642184557,re-anchor by alpaca,2026-09-30T07:05:05Z
2023,AMT,2024-01-01,0.989303914431,re-anchor by alpaca,2026-09-30T07:05:05Z
2023,APLE,2024-01-01,0.995198079232,re-anchor by alpaca,2026-09-30T07:05:14Z
2023,ARE,2024-01-01,0.985066162571,re-anchor by alpaca,2026-09-30T07:05:14Z
2023,BANF,2024-01-01,0.995139076425,re-anchor by alpaca,2026-09-30T07:05:14Z
2023,BEN,2024-01-01,0.990008564088,re-anchor by alpaca,2026-09-30T07:05:14Z
2023,BHE,2024-01-01,0.997912607849,re-anchor by alpaca,2026-09-30T07:05:14Z
2023,BNL,2024-01-01,0.984686774942,re-anchor by alpaca,2026-09-30T07:05:22Z
2023,BXMT,2024-01-01,0.961511047755,re-anchor by alpaca,2026-09-30T07:05:22Z
2023,BXP,2024-01-01,0.988631637322,re-anchor by alpaca,2026-09-30T07:05:22Z
2023,CDP,2024-01-01,0.990679094541,re-anchor by alpaca,2026-09-30T07:05:22Z
2023,CPT,2024-01-01,0.989194680458,re-anchor by alpaca,2026-09-30T07:05:30Z
2023,CSR,2024-01-01,0.986129091918,re-anchor by alpaca,2026-09-29T07:15:30Z
2023,CTRE,2024-01-01,0.989473684211,re-anchor by alpaca,2026-09-30T07:05:30Z
2023,CVBF,2024-01-01,0.991067440822,re-anchor by alpaca,2026-09-30T07:05:30Z
2023,DE,2024-01-01,0.99762153934,re-anchor by alpaca,2026-09-30T07:05:39Z
2023,DEI,2024-01-01,0.980263157895,re-anchor by alpaca,2026-09-30T07:05:39Z
2023,DHR,2024-01-01,0.998240496365,re-anchor by alpaca,2026-09-30T07:05:39Z
2023,DRH,2024-01-01,0.991452991453,re-anchor by alpaca,2026-09-30T07:05:39Z
2023,EFC,2024-01-01,0.989591078067,re-anchor by alpaca,2026-09-30T07:05:39Z
2023,EGP,2024-01-01,0.99136995759,re-anchor by alpaca,2026-09-30T07:05:39Z
2023,ENSG,2024-01-01,0.999608982237,re-anchor by alpaca,2026-09-30T07:05:39Z
2023,EPR,2024-01-01,0.994501832722,re-anchor by alpaca,2026-09-30T07:05:39Z
2023,EPRT,2024-01-01,0.987662337662,re-anchor by alpaca,2026-09-30T07:05:39Z
2023,ESS,2024-01-01,0.990547945205,re-anchor by alpaca,2026-09-30T07:05:39Z
2023,FBNC,2024-01-01,0.996091307067,re-anchor by alpaca,2026-09-30T07:05:47Z
2023,FBRT,2024-01-01,0.970283018868,re-anchor by alpaca,2026-09-30T07:05:47Z
2023,FCPT,2024-01-01,0.994451050337,re-anchor by alpaca,2026-09-30T07:05:47Z
2023,FITB,2024-01-01,0.991801785389,re-anchor by alpaca,2026-09-30T07:05:47Z
2023,FMC,2024-01-01,0.991047448523,re-anchor by alpaca,2026-09-30T07:05:47Z
2023,FR,2024-01-01,0.991809733816,re-anchor by alpaca,2026-09-30T07:05:47Z
2023,GVA,2024-01-01,0.99885198852,re-anchor by alpaca,2026-09-30T07:05:56Z
2023,HST,2024-01-01,0.991304347826,re-anchor by alpaca,2026-09-30T07:05:56Z
2023,IIPR,2024-01-01,0.965122332119,re-anchor by alpaca,2026-09-30T07:06:04Z
2023,IRT,2024-01-01,0.988016776513,re-anchor by alpaca,2026-09-30T07:06:04Z
2023,ITW,2024-01-01,0.993573584236,re-anchor by alpaca,2026-09-30T07:06:04Z
2023,IVT,2024-01-01,0.991738066095,re-anchor by alpaca,2026-09-30T07:06:04Z
2023,KRC,2024-01-01,0.984139784946,re-anchor by alpaca,2026-09-30T07:06:04Z
2023,LECO,2024-01-01,0.997072996609,re-anchor by alpaca,2026-09-30T07:06:12Z
2023,LII,2024-01-01,0.996221662469,re-anchor by alpaca,2026-09-30T07:06:12Z
2023,MDLZ,2024-01-01,0.99126845531,re-anchor by alpaca,2026-09-30T07:06:12Z
2023,MPWR,2024-01-01,0.998527776713,re-anchor by alpaca,2026-09-30T07:06:21Z
2023,NFG,2024-01-01,0.992817141466,re-anchor by alpaca,2026-09-30T07:06:21Z
2023,NHC,2024-01-01,0.997018644596,re-anchor by alpaca,2026-09-30T07:06:21Z
2023,NHI,2024-01-01,0.985957736878,re-anchor by alpaca,2026-09-30T07:06:21Z
2023,NLY,2024-01-01,0.963203463203,re-anchor by alpaca,2026-09-30T07:06:21Z
2023,NOG,2024-01-01,0.980429777437,re-anchor by alpaca,2026-09-29T07:16:10Z
2023,NUE,2024-01-01,0.997616643102,re-anchor by alpaca,2026-09-30T07:06:29Z
2023,O,2024-01-01,0.995044757033,re-anchor by alpaca,2026-09-30T07:06:29Z
2023,OFG,2024-01-01,0.99404418828,re-anchor by alpaca,2026-09-30T07:06:29Z
2023,PCG,2024-01-01,0.995642701525,re-anchor by alpaca,2026-09-30T07:06:29Z
2023,PEB,2024-01-01,0.999455040872,re-anchor by alpaca,2026-09-30T07:06:29Z
2023,PK,2024-01-01,0.983920841064,re-anchor by alpaca,2026-09-30T07:06:38Z
2023,PRIM,2024-01-01,0.998930481283,re-anchor by alpaca,2026-09-30T07:06:38Z
2023,REXR,2024-01-01,0.988304093567,re-anchor by alpaca,2026-09-30T07:06:38Z
2023,RHP,2024-01-01,0.990146671681,re-anchor by alpaca,2026-09-30T07:06:38Z
2023,RRX,2024-01-01,0.997780244173,re-anchor by alpaca,2026-09-30T07:06:46Z
2023,SAFE,2024-01-01,0.985151710781,re-anchor by alpaca,2026-09-30T07:06:46Z
2023,SHO,2024-01-01,0.992077464789,re-anchor by alpaca,2026-09-30T07:06:46Z
2023,SLG,2024-01-01,0.987464482701,re-anchor by alpaca,2026-09-30T07:06:46Z
2023,STAG,2024-01-01,0.98948787062,re-anchor by alpaca,2026-09-30T07:06:54Z
2023,STLD,2024-01-01,0.997619871906,re-anchor by alpaca,2026-09-30T07:06:54Z
2023,STWD,2024-01-01,0.966501240695,re-anchor by alpaca,2026-09-30T07:06:54Z
2023,SUI,2024-01-01,0.989995235827,re-anchor by alpaca,2026-09-30T07:06:54Z
2023,SYK,2024-01-01,0.99685410932,re-anchor by alpaca,2026-09-30T07:06:54Z
2023,TRNO,2024-01-01,0.991371746125,re-anchor by alpaca,2026-09-30T07:06:54Z
2023,USB,2024-01-01,0.990706617529,re-anchor by alpaca,2026-09-30T07:07:03Z
2023,VLTO,2024-01-01,0.998683810874,re-anchor by alpaca,2026-09-30T07:07:03Z
2023,VTR,2024-01-01,0.994031759565,re-anchor by alpaca,2026-09-30T07:07:03Z
2023,WPC,2024-01-01,0.985650599053,re-anchor by alpaca,2026-09-30T07:07:11Z
2023,WTW,2024-01-01,0.997491494147,re-anchor by alpaca,2026-09-30T07:07:11Z
2023,XHR,2024-01-01,0.99237804878,re-anchor by alpaca,2026-09-30T07:07:11Z
2023,XRX,2024-01-01,0.992203389831,re-anchor by alpaca,2026-09-30T07:07:11Z
2023,ZBH,2024-01-01,0.99740622506,re-anchor by alpaca,2026-09-30T07:07:11Z
2024,ABCB,2025-01-01,0.997545008183,re-anchor by alpaca,2026-09-30T07:05:06Z
2024,ADC,2025-01-01,0.996083727211,re-anchor by alpaca,2026-09-30T07:05:06Z
2024,AGNC,2025-01-01,0.98702502317,re-anchor by alpaca,2026-09-30T07:05:06Z
2024,AHR,2025-01-01,0.995267309378,re-anchor by alpaca,2026-09-30T07:05:06Z
2024,AKR,2025-01-01,0.989642184557,re-anchor by alpaca,2026-09-30T07:05:06Z
2024,AMT,2025-01-01,0.989303914431,re-anchor by alpaca,2026-09-30T07:05:06Z
2024,APLE,2025-01-01,0.995198079232,re-anchor by alpaca,2026-09-30T07:05:14Z
2024,ARE,2025-01-01,0.985066162571,re-anchor by alpaca,2026-09-30T07:05:14Z
2024,BANF,2025-01-01,0.995139076425,re-anchor by alpaca,2026-09-30T07:05:14Z
2024,BEN,2025-01-01,0.990008564088,re-anchor by alpaca,2026-09-30T07:05:14Z
2024,BHE,2025-01-01,0.997912607849,re-anchor by alpaca,2026-09-30T07:05:14Z
2024,BNL,2025-01-01,0.984686774942,re-anchor by alpaca,2026-09-30T07:05:22Z
2024,BXMT,2025-01-01,0.961511047755,re-anchor by alpaca,2026-09-30T07:05:22Z
2024,BXP,2025-01-01,0.988631637322,re-anchor by alpaca,2026-09-30T07:05:22Z
2024,CDP,2025-01-01,0.990679094541,re-anchor by alpaca,2026-09-30T07:05:22Z
2024,CPT,2025-01-01,0.989194680458,re-anchor by alpaca,2026-09-30T07:05:31Z
2024,CSR,2025-01-01,0.986129091918,re-anchor by alpaca,2026-09-29T07:15:31Z
2024,CTRE,2025-01-01,0.989473684211,re-anchor by alpaca,2026-09-30T07:05:31Z
2024,CURB,2025-01-01,0.993993993994,re-anchor by alpaca,2026-09-29T07:15:31Z
2024,CVBF,2025-01-01,0.991067440822,re-anchor by alpaca,2026-09-30T07:05:31Z
2024,DE,2025-01-01,0.99762153934,re-anchor by alpaca,2026-09-30T07:05:39Z
2024,DEI,2025-01-01,0.980263157895,re-anchor by alpaca,2026-09-30T07:05:39Z
2024,DHR,2025-01-01,0.998240496365,re-anchor by alpaca,2026-09-30T07:05:39Z
2024,DRH,2025-01-01,0.991452991453,re-anchor by alpaca,2026-09-30T07:05:39Z
2024,EFC,2025-01-01,0.989591078067,re-anchor by alpaca,2026-09-30T07:05:39Z
2024,EGP,2025-01-01,0.99136995759,re-anchor by alpaca,2026-09-30T07:05:39Z
2024,ENSG,2025-01-01,0.999608982237,re-anchor by alpaca,2026-09-30T07:05:39Z
2024,EPR,2025-01-01,0.994501832722,re-anchor by alpaca,2026-09-30T07:05:39Z
2024,EPRT,2025-01-01,0.987662337662,re-anchor by alpaca,2026-09-30T07:05:39Z
2024,ESS,2025-01-01,0.990547945205,re-anchor by alpaca,2026-09-30T07:05:39Z
2024,FBNC,2025-01-01,0.996091307067,re-anchor by alpaca,2026-09-30T07:05:47Z
2024,FBRT,2025-01-01,0.970283018868,re-anchor by alpaca,2026-09-30T07:05:47Z
2024,FCPT,2025-01-01,0.994451050337,re-anchor by alpaca,2026-09-30T07:05:47Z
2024,FITB,2025-01-01,0.991801785389,re-anchor by alpaca,2026-09-30T07:05:47Z
2024,FMC,2025-01-01,0.991047448523,re-anchor by alpaca,2026-09-30T07:05:47Z
2024,FR,2025-01-01,0.991809733816,re-anchor by alpaca,2026-09-30T07:05:47Z
2024,GVA,2025-01-01,0.99885198852,re-anchor by alpaca,2026-09-30T07:05:56Z
2024,HST,2025-01-01,0.991304347826,re-anchor by alpaca,2026-09-30T07:05:56Z
2024,IIPR,2025-01-01,0.965122332119,re-anchor by alpaca,2026-09-30T07:06:04Z
2024,IRT,2025-01-01,0.988016776513,re-anchor by alpaca,2026-09-30T07:06:04Z
2024,ITW,2025-01-01,0.993573584236,re-anchor by alpaca,2026-09-30T07:06:04Z
2024,IVT,2025-01-01,0.991738066095,re-anchor by alpaca,2026-09-30T07:06:04Z
2024,KRC,2025-01-01,0.984139784946,re-anchor by alpaca,2026-09-30T07:06:04Z
2024,LECO,2025-01-01,0.997072996609,re-anchor by alpaca,2026-09-30T07:06:12Z
2024,LII,2025-01-01,0.996221662469,re-anchor by alpaca,2026-09-30T07:06:12Z
2024,MDLZ,2025-01-01,0.99126845531,re-anchor by alpaca,2026-09-30T07:06:12Z
2024,MPWR,2025-01-01,0.998527776713,re-anchor by alpaca,2026-09-30T07:06:21Z
2024,NFG,2025-01-01,0.992817141466,re-anchor by alpaca,2026-09-30T07:06:21Z
2024,NHC,2025-01-01,0.997018644596,re-anchor by alpaca,2026-09-30T07:06:21Z
2024,NHI,2025-01-01,0.985957736878,re-anchor by alpaca,2026-09-30T07:06:21Z
2024,NLY,2025-01-01,0.963203463203,re-anchor by alpaca,2026-09-30T07:06:21Z
2024,NOG,2025-01-01,0.980429777437,re-anchor by alpaca,2026-09-29T07:16:10Z
2024,NUE,2025-01-01,0.997616643102,re-anchor by alpaca,2026-09-30T07:06:29Z
2024,O,2025-01-01,0.995044757033,re-anchor by alpaca,2026-09-30T07:06:29Z
2024,OFG,2025-01-01,0.99404418828,re-anchor by alpaca,2026-09-30T07:06:29Z
2024,PCG,2025-01-01,0.995642701525,re-anchor by alpaca,2026-09-30T07:06:29Z
2024,PEB,2025-01-01,0.999455040872,re-anchor by alpaca,2026-09-30T07:06:29Z
2024,PK,2025-01-01,0.983920841064,re-anchor by alpaca,2026-09-30T07:06:38Z
2024,PRIM,2025-01-01,0.998930481283,re-anchor by alpaca,2026-09-30T07:06:38Z
2024,REXR,2025-01-01,0.988304093567,re-anchor by alpaca,2026-09-30T07:06:38Z
2024,RHP,2025-01-01,0.990146671681,re-anchor by alpaca,2026-09-30T07:06:38Z
2024,RRX,2025-01-01,0.997780244173,re-anchor by alpaca,2026-09-30T07:06:46Z
2024,SAFE,2025-01-01,0.985151710781,re-anchor by alpaca,2026-09-30T07:06:46Z
2024,SHO,2025-01-01,0.992077464789,re-anchor by alpaca,2026-09-30T07:06:46Z
2024,SLG,2025-01-01,0.987464482701,re-anchor by alpaca,2026-09-30T07:06:46Z
2024,STAG,2025-01-01,0.98948787062,re-anchor by alpaca,2026-09-30T07:06:55Z
2024,STLD,2025-01-01,0.997619871906,re-anchor by alpaca,2026-09-30T07:06:55Z
2024,STWD,2025-01-01,0.966501240695,re-anchor by alpaca,2026-09-30T07:06:55Z
2024,SUI,2025-01-01,0.989995235827,re-anchor by alpaca,2026-09-30T07:06:55Z
2024,SYK,2025-01-01,0.99685410932,re-anchor by alpaca,2026-09-30T07:06:55Z
2024,TRNO,2025-01-01,0.991371746125,re-anchor by alpaca,2026-09-30T07:06:55Z
2024,USB,2025-01-01,0.990706617529,re-anchor by alpaca,2026-09-30T07:07:03Z
2024,VLTO,2025-01-01,0.998683810874,re-anchor by alpaca,2026-09-30T07:07:03Z
2024,VTR,2025-01-01,0.994031759565,re-anchor by alpaca,2026-09-30T07:07:03Z
2024,WPC,2025-01-01,0.985650599053,re-anchor by alpaca,2026-09-30T07:07:11Z
2024,WTW,2025-01-01,0.997491494147,re-anchor by alpaca,2026-09-30T07:07:11Z
2024,XHR,2025-01-01,0.99237804878,re-anchor by alpaca,2026-09-30T07:07:11Z
2024,XRX,2025-01-01,0.992203389831,re-anchor by alpaca,2026-09-30T07:07:11Z
2024,ZBH,2025-01-01,0.99740622506,re-anchor by alpaca,2026-09-30T07:07:11Z
2025,ABCB,2026-01-01,0.997545008183,re-anchor by alpaca,2026-09-30T07:05:06Z
2025,ADC,2026-01-01,0.996083727211,re-anchor by alpaca,2026-09-30T07:05:06Z
2025,AGNC,2026-01-01,0.98702502317,re-anchor by alpaca,2026-09-30T07:05:06Z
2025,AHR,2026-01-01,0.995267309378,re-anchor by alpaca,2026-09-30T07:05:06Z
2025,AKR,2026-01-01,0.989642184557,re-anchor by alpaca,2026-09-30T07:05:06Z
2025,AMT,2026-01-01,0.989303914431,re-anchor by alpaca,2026-09-30T07:05:06Z
2025,APLE,2026-01-01,0.995198079232,re-anchor by alpaca,2026-09-30T07:05:14Z
2025,ARE,2026-01-01,0.985066162571,re-anchor by alpaca,2026-09-30T07:05:14Z
2025,BANF,2026-01-01,0.995139076425,re-anchor by alpaca,2026-09-30T07:05:14Z
2025,BEN,2026-01-01,0.990008564088,re-anchor by alpaca,2026-09-30T07:05:14Z
2025,BHE,2026-01-01,0.997912607849,re-anchor by alpaca,2026-09-30T07:05:14Z
2025,BNL,2026-01-01,0.984686774942,re-anchor by alpaca,2026-09-30T07:05:23Z
2025,BXMT,2026-01-01,0.961511047755,re-anchor by alpaca,2026-09-30T07:05:23Z
2025,BXP,2026-01-01,0.988631637322,re-anchor by alpaca,2026-09-30T07:05:23Z
2025,CDP,2026-01-01,0.990679094541,re-anchor by alpaca,2026-09-30T07:05:23Z
2025,CPT,2026-01-01,0.989194680458,re-anchor by alpaca,2026-09-30T07:05:31Z
2025,CSR,2026-01-01,0.986129091918,re-anchor by alpaca,2026-09-29T07:15:31Z
2025,CTRE,2026-01-01,0.989473684211,re-anchor by alpaca,2026-09-30T07:05:31Z
2025,CURB,2026-01-01,0.993993993994,re-anchor by alpaca,2026-09-29T07:15:31Z
2025,CVBF,2026-01-01,0.991067440822,re-anchor by alpaca,2026-09-30T07:05:31Z
2025,DE,2026-01-01,0.99762153934,re-anchor by alpaca,2026-09-30T07:05:39Z
2025,DEI,2026-01-01,0.980263157895,re-anchor by alpaca,2026-09-30T07:05:39Z
2025,DHR,2026-01-01,0.998240496365,re-anchor by alpaca,2026-09-30T07:05:39Z
2025,DRH,2026-01-01,0.991452991453,re-anchor by alpaca,2026-09-30T07:05:39Z
2025,EFC,2026-01-01,0.989591078067,re-anchor by alpaca,2026-09-30T07:05:39Z
2025,EGP,2026-01-01,0.99136995759,re-anchor by alpaca,2026-09-30T07:05:39Z
2025,ENSG,2026-01-01,0.999608982237,re-anchor by alpaca,2026-09-30T07:05:39Z
2025,EPR,2026-01-01,0.994501832722,re-anchor by alpaca,2026-09-30T07:05:39Z
2025,EPRT,2026-01-01,0.987662337662,re-anchor by alpaca,2026-09-30T07:05:39Z
2025,ESS,2026-01-01,0.990547945205,re-anchor by alpaca,2026-09-30T07:05:39Z
2025,FBNC,2026-01-01,0.996091307067,re-anchor by alpaca,2026-09-30T07:05:48Z
2025,FBRT,2026-01-01,0.970283018868,re-anchor by alpaca,2026-09-30T07:05:48Z
2025,FCPT,2026-01-01,0.994451050337,re-anchor by alpaca,2026-09-30T07:05:48Z
2025,FITB,2026-01-01,0.991801785389,re-anchor by alpaca,2026-09-30T07:05:48Z
2025,FMC,2026-01-01,0.991047448523,re-anchor by alpaca,2026-09-30T07:05:48Z
2025,FR,2026-01-01,0.991809733816,re-anchor by alpaca,2026-09-30T07:05:48Z
2025,GVA,2026-01-01,0.99885198852,re-anchor by alpaca,2026-09-30T07:05:56Z
2025,HST,2026-01-01,0.991304347826,re-anchor by alpaca,2026-09-30T07:05:56Z
2025,IIPR,2026-01-01,0.965122332119,re-anchor by alpaca,2026-09-30T07:06:04Z
2025,IRT,2026-01-01,0.988016776513,re-anchor by alpaca,2026-09-30T07:06:04Z
2025,ITW,2026-01-01,0.993573584236,re-anchor by alpaca,2026-09-30T07:06:04Z
2025,IVT,2026-01-01,0.991738066095,re-anchor by alpaca,2026-09-30T07:06:04Z
2025,KRC,2026-01-01,0.984139784946,re-anchor by alpaca,2026-09-30T07:06:04Z
2025,LECO,2026-01-01,0.997072996609,re-anchor by alpaca,2026-09-30T07:06:13Z
2025,LII,2026-01-01,0.996221662469,re-anchor by alpaca,2026-09-30T07:06:13Z
2025,MDLZ,2026-01-01,0.99126845531,re-anchor by alpaca,2026-09-30T07:06:13Z
2025,MPWR,2026-01-01,0.998527776713,re-anchor by alpaca,2026-09-30T07:06:21Z
2025,NFG,2026-01-01,0.992817141466,re-anchor by alpaca,2026-09-30T07:06:21Z
2025,NHC,2026-01-01,0.997018644596,re-anchor by alpaca,2026-09-30T07:06:21Z
2025,NHI,2026-01-01,0.985957736878,re-anchor by alpaca,2026-09-30T07:06:21Z
2025,NLY,2026-01-01,0.963203463203,re-anchor by alpaca,2026-09-30T07:06:21Z
2025,NOG,2026-01-01,0.980429777437,re-anchor by alpaca,2026-09-29T07:16:11Z
2025,NUE,2026-01-01,0.997616643102,re-anchor by alpaca,2026-09-30T07:06:30Z
2025,O,2026-01-01,0.995044757033,re-anchor by alpaca,2026-09-30T07:06:30Z
2025,OFG,2026-01-01,0.99404418828,re-anchor by alpaca,2026-09-30T07:06:30Z
2025,PCG,2026-01-01,0.995642701525,re-anchor by alpaca,2026-09-30T07:06:30Z
2025,PEB,2026-01-01,0.999455040872,re-anchor by alpaca,2026-09-30T07:06:30Z
2025,PK,2026-01-01,0.983920841064,re-anchor by alpaca,2026-09-30T07:06:38Z
2025,PRIM,2026-01-01,0.998930481283,re-anchor by alpaca,2026-09-30T07:06:38Z
2025,REXR,2026-01-01,0.988304093567,re-anchor by alpaca,2026-09-30T07:06:38Z
2025,RHP,2026-01-01,0.990146671681,re-anchor by alpaca,2026-09-30T07:06:38Z
2025,RRX,2026-01-01,0.997780244173,re-anchor by alpaca,2026-09-30T07:06:46Z
2025,SAFE,2026-01-01,0.985151710781,re-anchor by alpaca,2026-09-30T07:06:46Z
2025,SHO,2026-01-01,0.992077464789,re-anchor by alpaca,2026-09-30T07:06:46Z
2025,SLG,2026-01-01,0.987464482701,re-anchor by alpaca,2026-09-30T07:06:46Z
2025,STAG,2026-01-01,0.98948787062,re-anchor by alpaca,2026-09-30T07:06:55Z
2025,STLD,2026-01-01,0.997619871906,re-anchor by alpaca,2026-09-30T07:06:55Z
2025,STWD,2026-01-01,0.966501240695,re-anchor by alpaca,2026-09-30T07:06:55Z
2025,SUI,2026-01-01,0.989995235827,re-anchor by alpaca,2026-09-30T07:06:55Z
2025,SYK,2026-01-01,0.99685410932,re-anchor by alpaca,2026-09-30T07:06:55Z
2025,TRNO,2026-01-01,0.991371746125,re-anchor by alpaca,2026-09-30T07:06:55Z
2025,USB,2026-01-01,0.990706617529,re-anchor by alpaca,2026-09-30T07:07:03Z
2025,VLTO,2026-01-01,0.998683810874,re-anchor by alpaca,2026-09-30T07:07:03Z
2025,VTR,2026-01-01,0.994031759565,re-anchor by alpaca,2026-09-30T07:07:03Z
2025,WPC,2026-01-01,0.985650599053,re-anchor by alpaca,2026-09-30T07:07:12Z
2025,WTW,2026-01-01,0.997491494147,re-anchor by alpaca,2026-09-30T07:07:12Z
2025,XHR,2026-01-01,0.99237804878,re-anchor by alpaca,2026-09-30T07:07:12Z
2025,XRX,2026-01-01,0.992203389831,re-anchor by alpaca,2026-09-30T07:07:12Z
2025,ZBH,2026-01-01,0.99740622506,re-anchor by alpaca,2026-09-30T07:07:12Z
